Stationsnamn;Klimatnummer;Mäthöjd (meter över marken)
Växjö Sol;64565;2.0

Parameternamn;Beskrivning;Enhet
Långvågs-Irradians;Långvågsstrålning, medel 1 timme, varje timme;watt per square metre

Tidsperiod (fr.o.m);Tidsperiod (t.o.m);Höjd (meter över havet);Latitud (decimalgrader);Longitud (decimalgrader)
2015-11-01 00:00:00;2021-06-03 12:00:00;182.0;56.9269;14.7305

Datum;Tid (UTC);Långvågs-Irradians;Kvalitet;;Tidsutsnitt:
2021-01-24;01:00:00;312.13;G;;Data från senaste fyra månaderna
2021-01-24;02:00:00;311.39;G;;Tidsperiod (fr.o.m.) = 2021-01-24 00:00:01 (UTC)
2021-01-24;03:00:00;310.01;G;;Tidsperiod (t.o.m.) = 2021-06-03 12:00:00 (UTC)
2021-01-24;04:00:00;308.93;G;;Samplingstid = 1 timme
2021-01-24;05:00:00;303.34;G;;
2021-01-24;06:00:00;302.26;G;;Kvalitetskoderna:
2021-01-24;07:00:00;302.88;G;;Grön (G) = Kontrollerade och godkända värden.
2021-01-24;08:00:00;300.68;G;;Gul (Y) = Misstänkta eller aggregerade värden. Grovt kontrollerade arkivdata och okontrollerade realtidsdata (senaste 2 tim).
2021-01-24;09:00:00;303.40;G;;
2021-01-24;10:00:00;299.56;G;;Orsaker till saknade data:
2021-01-24;11:00:00;294.26;G;;  stationen eller givaren har varit ur funktion.
2021-01-24;12:00:00;288.47;G
2021-01-24;13:00:00;302.35;G
2021-01-24;14:00:00;306.69;G
2021-01-24;15:00:00;306.49;G
2021-01-24;16:00:00;305.81;G
2021-01-24;17:00:00;305.79;G
2021-01-24;18:00:00;303.05;G
2021-01-24;19:00:00;299.12;G
2021-01-24;20:00:00;301.01;G
2021-01-24;21:00:00;302.32;G
2021-01-24;22:00:00;295.91;G
2021-01-24;23:00:00;290.25;G
2021-01-25;00:00:00;292.77;G
2021-01-25;01:00:00;298.04;G
2021-01-25;02:00:00;302.10;G
2021-01-25;03:00:00;300.71;G
2021-01-25;04:00:00;300.22;G
2021-01-25;05:00:00;297.31;G
2021-01-25;06:00:00;297.47;G
2021-01-25;07:00:00;284.32;G
2021-01-25;08:00:00;289.50;G
2021-01-25;09:00:00;284.50;G
2021-01-25;10:00:00;271.42;G
2021-01-25;11:00:00;273.39;G
2021-01-25;12:00:00;259.14;G
2021-01-25;13:00:00;298.29;G
2021-01-25;14:00:00;294.13;G
2021-01-25;15:00:00;278.07;G
2021-01-25;16:00:00;242.45;G
2021-01-25;17:00:00;263.75;G
2021-01-25;18:00:00;263.48;G
2021-01-25;19:00:00;267.75;G
2021-01-25;20:00:00;256.86;G
2021-01-25;21:00:00;251.44;G
2021-01-25;22:00:00;276.60;G
2021-01-25;23:00:00;291.49;G
2021-01-26;00:00:00;295.46;G
2021-01-26;01:00:00;296.42;G
2021-01-26;02:00:00;297.04;G
2021-01-26;03:00:00;297.65;G
2021-01-26;04:00:00;296.48;G
2021-01-26;05:00:00;278.40;G
2021-01-26;06:00:00;248.77;G
2021-01-26;07:00:00;261.79;G
2021-01-26;08:00:00;259.69;G
2021-01-26;09:00:00;288.44;G
2021-01-26;10:00:00;295.60;G
2021-01-26;11:00:00;295.97;G
2021-01-26;12:00:00;296.65;G
2021-01-26;13:00:00;279.24;G
2021-01-26;14:00:00;259.64;G
2021-01-26;15:00:00;235.46;G
2021-01-26;16:00:00;222.36;G
2021-01-26;17:00:00;224.32;G
2021-01-26;18:00:00;240.82;G
2021-01-26;19:00:00;229.13;G
2021-01-26;20:00:00;235.45;G
2021-01-26;21:00:00;259.07;G
2021-01-26;22:00:00;264.02;G
2021-01-26;23:00:00;270.16;G
2021-01-27;00:00:00;266.11;G
2021-01-27;01:00:00;247.93;G
2021-01-27;02:00:00;243.58;G
2021-01-27;03:00:00;250.01;G
2021-01-27;04:00:00;268.43;G
2021-01-27;05:00:00;248.17;G
2021-01-27;06:00:00;241.44;G
2021-01-27;07:00:00;216.54;G
2021-01-27;08:00:00;210.26;G
2021-01-27;09:00:00;277.13;G
2021-01-27;10:00:00;298.13;G
2021-01-27;11:00:00;302.91;G
2021-01-27;12:00:00;300.60;G
2021-01-27;13:00:00;306.95;G
2021-01-27;14:00:00;309.02;G
2021-01-27;15:00:00;309.58;G
2021-01-27;16:00:00;307.21;G
2021-01-27;17:00:00;310.55;G
2021-01-27;18:00:00;314.67;G
2021-01-27;19:00:00;316.95;G
2021-01-27;20:00:00;317.92;G
2021-01-27;21:00:00;317.95;G
2021-01-27;22:00:00;316.23;G
2021-01-27;23:00:00;315.50;G
2021-01-28;00:00:00;315.09;G
2021-01-28;01:00:00;314.07;G
2021-01-28;02:00:00;313.28;G
2021-01-28;03:00:00;312.38;G
2021-01-28;04:00:00;308.49;G
2021-01-28;05:00:00;298.37;G
2021-01-28;06:00:00;293.71;G
2021-01-28;07:00:00;283.07;G
2021-01-28;08:00:00;277.17;G
2021-01-28;09:00:00;286.39;G
2021-01-28;10:00:00;287.07;G
2021-01-28;11:00:00;285.56;G
2021-01-28;12:00:00;285.83;G
2021-01-28;13:00:00;288.21;G
2021-01-28;14:00:00;288.91;G
2021-01-28;15:00:00;285.00;G
2021-01-28;16:00:00;285.26;G
2021-01-28;17:00:00;283.57;G
2021-01-28;18:00:00;289.24;G
2021-01-28;19:00:00;266.19;G
2021-01-28;20:00:00;252.91;G
2021-01-28;21:00:00;280.76;G
2021-01-28;22:00:00;291.25;G
2021-01-28;23:00:00;289.92;G
2021-01-29;00:00:00;290.79;G
2021-01-29;01:00:00;291.93;G
2021-01-29;02:00:00;288.22;G
2021-01-29;03:00:00;282.19;G
2021-01-29;04:00:00;256.05;G
2021-01-29;05:00:00;256.91;G
2021-01-29;06:00:00;214.09;G
2021-01-29;07:00:00;282.90;G
2021-01-29;08:00:00;289.97;G
2021-01-29;09:00:00;291.55;G
2021-01-29;10:00:00;289.23;G
2021-01-29;11:00:00;294.71;G
2021-01-29;12:00:00;297.16;G
2021-01-29;13:00:00;298.88;G
2021-01-29;14:00:00;296.59;G
2021-01-29;15:00:00;295.77;G
2021-01-29;16:00:00;288.96;G
2021-01-29;17:00:00;274.15;G
2021-01-29;18:00:00;233.82;G
2021-01-29;19:00:00;207.16;G
2021-01-29;20:00:00;203.12;G
2021-01-29;21:00:00;244.53;G
2021-01-29;22:00:00;275.63;G
2021-01-29;23:00:00;262.96;G
2021-01-30;00:00:00;247.47;G
2021-01-30;01:00:00;242.65;G
2021-01-30;02:00:00;193.01;G
2021-01-30;03:00:00;191.67;G
2021-01-30;04:00:00;190.57;G
2021-01-30;05:00:00;189.92;G
2021-01-30;06:00:00;189.36;G
2021-01-30;07:00:00;210.25;G
2021-01-30;08:00:00;207.55;G
2021-01-30;09:00:00;192.28;G
2021-01-30;10:00:00;198.45;G
2021-01-30;11:00:00;213.61;G
2021-01-30;12:00:00;204.48;G
2021-01-30;13:00:00;256.81;G
2021-01-30;14:00:00;236.67;G
2021-01-30;15:00:00;210.26;G
2021-01-30;16:00:00;219.63;G
2021-01-30;17:00:00;283.33;G
2021-01-30;18:00:00;275.05;G
2021-01-30;19:00:00;280.26;G
2021-01-30;20:00:00;281.27;G
2021-01-30;21:00:00;285.20;G
2021-01-30;22:00:00;227.80;G
2021-01-30;23:00:00;204.26;G
2021-01-31;00:00:00;202.63;G
2021-01-31;01:00:00;200.77;G
2021-01-31;02:00:00;200.33;G
2021-01-31;03:00:00;205.35;G
2021-01-31;04:00:00;206.81;G
2021-01-31;05:00:00;219.29;G
2021-01-31;06:00:00;264.40;G
2021-01-31;07:00:00;269.96;G
2021-01-31;08:00:00;260.88;G
2021-01-31;09:00:00;275.48;G
2021-01-31;10:00:00;283.02;G
2021-01-31;11:00:00;285.38;G
2021-01-31;12:00:00;260.77;G
2021-01-31;13:00:00;208.31;G
2021-01-31;14:00:00;223.94;G
2021-01-31;15:00:00;227.61;G
2021-01-31;16:00:00;261.82;G
2021-01-31;17:00:00;212.54;G
2021-01-31;18:00:00;223.71;G
2021-01-31;19:00:00;261.42;G
2021-01-31;20:00:00;255.90;G
2021-01-31;21:00:00;220.99;G
2021-01-31;22:00:00;218.06;G
2021-01-31;23:00:00;255.85;G
2021-02-01;00:00:00;222.52;G
2021-02-01;01:00:00;222.50;G
2021-02-01;02:00:00;222.89;G
2021-02-01;03:00:00;223.07;G
2021-02-01;04:00:00;240.36;G
2021-02-01;05:00:00;246.67;G
2021-02-01;06:00:00;258.67;G
2021-02-01;07:00:00;275.53;G
2021-02-01;08:00:00;269.99;G
2021-02-01;09:00:00;282.40;G
2021-02-01;10:00:00;288.74;G
2021-02-01;11:00:00;291.12;G
2021-02-01;12:00:00;300.44;G
2021-02-01;13:00:00;302.76;G
2021-02-01;14:00:00;304.41;G
2021-02-01;15:00:00;304.23;G
2021-02-01;16:00:00;302.11;G
2021-02-01;17:00:00;298.70;G
2021-02-01;18:00:00;259.05;G
2021-02-01;19:00:00;220.40;G
2021-02-01;20:00:00;229.86;G
2021-02-01;21:00:00;284.30;G
2021-02-01;22:00:00;265.56;G
2021-02-01;23:00:00;273.35;G
2021-02-02;00:00:00;265.99;G
2021-02-02;01:00:00;262.65;G
2021-02-02;02:00:00;266.65;G
2021-02-02;03:00:00;271.69;G
2021-02-02;04:00:00;270.86;G
2021-02-02;05:00:00;273.35;G
2021-02-02;06:00:00;276.90;G
2021-02-02;07:00:00;276.58;G
2021-02-02;08:00:00;274.73;G
2021-02-02;09:00:00;277.71;G
2021-02-02;10:00:00;272.44;G
2021-02-02;11:00:00;281.91;G
2021-02-02;12:00:00;263.02;G
2021-02-02;13:00:00;225.23;G
2021-02-02;14:00:00;296.71;G
2021-02-02;15:00:00;293.35;G
2021-02-02;16:00:00;291.43;G
2021-02-02;17:00:00;291.19;G
2021-02-02;18:00:00;294.80;G
2021-02-02;19:00:00;284.94;G
2021-02-02;20:00:00;285.02;G
2021-02-02;21:00:00;289.68;G
2021-02-02;22:00:00;290.56;G
2021-02-02;23:00:00;290.38;G
2021-02-03;00:00:00;289.81;G
2021-02-03;01:00:00;286.00;G
2021-02-03;02:00:00;277.66;G
2021-02-03;03:00:00;286.04;G
2021-02-03;04:00:00;285.60;G
2021-02-03;05:00:00;283.52;G
2021-02-03;06:00:00;287.97;G
2021-02-03;07:00:00;293.33;G
2021-02-03;08:00:00;293.66;G
2021-02-03;09:00:00;293.61;G
2021-02-03;10:00:00;292.61;G
2021-02-03;11:00:00;291.77;G
2021-02-03;12:00:00;288.32;G
2021-02-03;13:00:00;283.69;G
2021-02-03;14:00:00;283.12;G
2021-02-03;15:00:00;282.56;G
2021-02-03;16:00:00;271.09;G
2021-02-03;17:00:00;277.77;G
2021-02-03;18:00:00;278.43;G
2021-02-03;19:00:00;276.30;G
2021-02-03;20:00:00;259.51;G
2021-02-03;21:00:00;248.16;G
2021-02-03;22:00:00;242.27;G
2021-02-03;23:00:00;229.58;G
2021-02-04;00:00:00;217.97;G
2021-02-04;01:00:00;194.14;G
2021-02-04;02:00:00;190.69;G
2021-02-04;03:00:00;191.57;G
2021-02-04;04:00:00;196.92;G
2021-02-04;05:00:00;225.95;G
2021-02-04;06:00:00;251.41;G
2021-02-04;07:00:00;198.77;G
2021-02-04;08:00:00;206.86;G
2021-02-04;09:00:00;238.06;G
2021-02-04;10:00:00;248.01;G
2021-02-04;11:00:00;240.89;G
2021-02-04;12:00:00;253.86;G
2021-02-04;13:00:00;230.34;G
2021-02-04;14:00:00;227.19;G
2021-02-04;15:00:00;196.80;G
2021-02-04;16:00:00;193.29;G
2021-02-04;17:00:00;190.60;G
2021-02-04;18:00:00;187.84;G
2021-02-04;19:00:00;185.68;G
2021-02-04;20:00:00;184.42;G
2021-02-04;21:00:00;183.12;G
2021-02-04;22:00:00;181.72;G
2021-02-04;23:00:00;230.07;G
2021-02-05;00:00:00;224.44;G
2021-02-05;01:00:00;198.29;G
2021-02-05;02:00:00;181.07;G
2021-02-05;03:00:00;174.75;G
2021-02-05;04:00:00;175.18;G
2021-02-05;05:00:00;175.53;G
2021-02-05;06:00:00;176.08;G
2021-02-05;07:00:00;239.93;G
2021-02-05;08:00:00;198.62;G
2021-02-05;09:00:00;187.31;G
2021-02-05;10:00:00;207.26;G
2021-02-05;11:00:00;251.01;G
2021-02-05;12:00:00;197.70;G
2021-02-05;13:00:00;194.97;G
2021-02-05;14:00:00;197.13;G
2021-02-05;15:00:00;196.29;G
2021-02-05;16:00:00;191.20;G
2021-02-05;17:00:00;188.78;G
2021-02-05;18:00:00;198.42;G
2021-02-05;19:00:00;186.00;G
2021-02-05;20:00:00;184.40;G
2021-02-05;21:00:00;183.74;G
2021-02-05;22:00:00;184.62;G
2021-02-05;23:00:00;185.80;G
2021-02-06;00:00:00;185.12;G
2021-02-06;01:00:00;183.34;G
2021-02-06;02:00:00;182.70;G
2021-02-06;03:00:00;182.45;G
2021-02-06;04:00:00;183.79;G
2021-02-06;05:00:00;184.27;G
2021-02-06;06:00:00;240.98;G
2021-02-06;07:00:00;233.18;G
2021-02-06;08:00:00;180.34;G
2021-02-06;09:00:00;180.03;G
2021-02-06;10:00:00;183.94;G
2021-02-06;11:00:00;187.94;G
2021-02-06;12:00:00;198.68;G
2021-02-06;13:00:00;221.57;G
2021-02-06;14:00:00;227.87;G
2021-02-06;15:00:00;215.82;G
2021-02-06;16:00:00;245.53;G
2021-02-06;17:00:00;201.28;G
2021-02-06;18:00:00;188.71;G
2021-02-06;19:00:00;188.14;G
2021-02-06;20:00:00;187.74;G
2021-02-06;21:00:00;187.13;G
2021-02-06;22:00:00;186.33;G
2021-02-06;23:00:00;186.09;G
2021-02-07;00:00:00;184.45;G
2021-02-07;01:00:00;184.21;G
2021-02-07;02:00:00;183.78;G
2021-02-07;03:00:00;183.41;G
2021-02-07;04:00:00;182.78;G
2021-02-07;05:00:00;206.58;G
2021-02-07;06:00:00;257.96;G
2021-02-07;07:00:00;251.93;G
2021-02-07;08:00:00;256.67;G
2021-02-07;09:00:00;262.65;G
2021-02-07;10:00:00;248.79;G
2021-02-07;11:00:00;260.84;G
2021-02-07;12:00:00;205.92;G
2021-02-07;13:00:00;230.48;G
2021-02-07;14:00:00;235.18;G
2021-02-07;15:00:00;197.59;G
2021-02-07;16:00:00;215.28;G
2021-02-07;17:00:00;265.80;G
2021-02-07;18:00:00;261.19;G
2021-02-07;19:00:00;262.39;G
2021-02-07;20:00:00;219.30;G
2021-02-07;21:00:00;201.15;G
2021-02-07;22:00:00;236.77;G
2021-02-07;23:00:00;231.53;G
2021-02-08;00:00:00;248.04;G
2021-02-08;01:00:00;258.33;G
2021-02-08;02:00:00;256.70;G
2021-02-08;03:00:00;240.24;G
2021-02-08;04:00:00;255.98;G
2021-02-08;05:00:00;229.54;G
2021-02-08;06:00:00;241.92;G
2021-02-08;07:00:00;227.60;G
2021-02-08;08:00:00;256.02;G
2021-02-08;09:00:00;258.95;G
2021-02-08;10:00:00;274.77;G
2021-02-08;11:00:00;279.91;G
2021-02-08;12:00:00;282.92;G
2021-02-08;13:00:00;284.69;G
2021-02-08;14:00:00;284.93;G
2021-02-08;15:00:00;273.84;G
2021-02-08;16:00:00;274.79;G
2021-02-08;17:00:00;263.04;G
2021-02-08;18:00:00;256.54;G
2021-02-08;19:00:00;258.91;G
2021-02-08;20:00:00;263.88;G
2021-02-08;21:00:00;267.58;G
2021-02-08;22:00:00;269.57;G
2021-02-08;23:00:00;268.26;G
2021-02-09;00:00:00;266.95;G
2021-02-09;01:00:00;265.71;G
2021-02-09;02:00:00;265.43;G
2021-02-09;03:00:00;262.38;G
2021-02-09;04:00:00;269.16;G
2021-02-09;05:00:00;266.77;G
2021-02-09;06:00:00;265.99;G
2021-02-09;07:00:00;263.51;G
2021-02-09;08:00:00;258.16;G
2021-02-09;09:00:00;258.72;G
2021-02-09;10:00:00;265.62;G
2021-02-09;11:00:00;267.57;G
2021-02-09;12:00:00;262.69;G
2021-02-09;13:00:00;257.92;G
2021-02-09;14:00:00;252.12;G
2021-02-09;15:00:00;230.97;G
2021-02-09;16:00:00;234.31;G
2021-02-09;17:00:00;239.21;G
2021-02-09;18:00:00;240.18;G
2021-02-09;19:00:00;242.35;G
2021-02-09;20:00:00;250.94;G
2021-02-09;21:00:00;254.54;G
2021-02-09;22:00:00;254.85;G
2021-02-09;23:00:00;253.03;G
2021-02-10;00:00:00;257.09;G
2021-02-10;01:00:00;253.64;G
2021-02-10;02:00:00;253.71;G
2021-02-10;03:00:00;250.39;G
2021-02-10;04:00:00;246.84;G
2021-02-10;05:00:00;246.66;G
2021-02-10;06:00:00;244.57;G
2021-02-10;07:00:00;249.78;G
2021-02-10;08:00:00;240.78;G
2021-02-10;09:00:00;232.01;G
2021-02-10;10:00:00;225.09;G
2021-02-10;11:00:00;237.27;G
2021-02-10;12:00:00;252.09;G
2021-02-10;13:00:00;233.49;G
2021-02-10;14:00:00;256.26;G
2021-02-10;15:00:00;230.42;G
2021-02-10;16:00:00;215.20;G
2021-02-10;17:00:00;228.10;G
2021-02-10;18:00:00;203.67;G
2021-02-10;19:00:00;193.17;G
2021-02-10;20:00:00;189.83;G
2021-02-10;21:00:00;198.27;G
2021-02-10;22:00:00;217.35;G
2021-02-10;23:00:00;213.48;G
2021-02-11;00:00:00;194.56;G
2021-02-11;01:00:00;214.56;G
2021-02-11;02:00:00;228.43;G
2021-02-11;03:00:00;228.47;G
2021-02-11;04:00:00;230.76;G
2021-02-11;05:00:00;240.84;G
2021-02-11;06:00:00;242.90;G
2021-02-11;07:00:00;211.03;G
2021-02-11;08:00:00;224.57;G
2021-02-11;09:00:00;224.89;G
2021-02-11;10:00:00;217.26;G
2021-02-11;11:00:00;200.84;G
2021-02-11;12:00:00;191.71;G
2021-02-11;13:00:00;184.14;G
2021-02-11;14:00:00;184.34;G
2021-02-11;15:00:00;184.28;G
2021-02-11;16:00:00;182.67;G
2021-02-11;17:00:00;181.85;G
2021-02-11;18:00:00;180.08;G
2021-02-11;19:00:00;177.61;G
2021-02-11;20:00:00;177.96;G
2021-02-11;21:00:00;178.88;G
2021-02-11;22:00:00;178.52;G
2021-02-11;23:00:00;177.01;G
2021-02-12;00:00:00;177.62;G
2021-02-12;01:00:00;179.20;G
2021-02-12;02:00:00;178.39;G
2021-02-12;03:00:00;179.34;G
2021-02-12;04:00:00;181.94;G
2021-02-12;05:00:00;182.80;G
2021-02-12;06:00:00;180.72;G
2021-02-12;07:00:00;183.00;G
2021-02-12;08:00:00;188.67;G
2021-02-12;09:00:00;211.99;G
2021-02-12;10:00:00;206.53;G
2021-02-12;11:00:00;220.63;G
2021-02-12;12:00:00;269.43;G
2021-02-12;13:00:00;268.60;G
2021-02-12;14:00:00;257.13;G
2021-02-12;15:00:00;269.18;G
2021-02-12;16:00:00;224.86;G
2021-02-12;17:00:00;207.65;G
2021-02-12;18:00:00;205.88;G
2021-02-12;19:00:00;203.66;G
2021-02-12;20:00:00;202.03;G
2021-02-12;21:00:00;201.76;G
2021-02-12;22:00:00;201.67;G
2021-02-12;23:00:00;202.32;G
2021-02-13;00:00:00;201.51;G
2021-02-13;01:00:00;199.23;G
2021-02-13;02:00:00;197.18;G
2021-02-13;03:00:00;195.89;G
2021-02-13;04:00:00;192.28;G
2021-02-13;05:00:00;186.37;G
2021-02-13;06:00:00;184.73;G
2021-02-13;07:00:00;183.22;G
2021-02-13;08:00:00;183.47;G
2021-02-13;09:00:00;187.82;G
2021-02-13;10:00:00;193.16;G
2021-02-13;11:00:00;197.03;G
2021-02-13;12:00:00;200.26;G
2021-02-13;13:00:00;201.05;G
2021-02-13;14:00:00;200.50;G
2021-02-13;15:00:00;200.00;G
2021-02-13;16:00:00;197.15;G
2021-02-13;17:00:00;193.52;G
2021-02-13;18:00:00;187.95;G
2021-02-13;19:00:00;184.09;G
2021-02-13;20:00:00;181.11;G
2021-02-13;21:00:00;179.19;G
2021-02-13;22:00:00;182.66;G
2021-02-13;23:00:00;191.50;G
2021-02-14;00:00:00;191.32;G
2021-02-14;01:00:00;189.13;G
2021-02-14;02:00:00;189.95;G
2021-02-14;03:00:00;189.92;G
2021-02-14;04:00:00;190.94;G
2021-02-14;05:00:00;191.28;G
2021-02-14;06:00:00;192.56;G
2021-02-14;07:00:00;193.51;G
2021-02-14;08:00:00;192.55;G
2021-02-14;09:00:00;193.00;G
2021-02-14;10:00:00;192.87;G
2021-02-14;11:00:00;193.65;G
2021-02-14;12:00:00;195.03;G
2021-02-14;13:00:00;198.36;G
2021-02-14;14:00:00;197.77;G
2021-02-14;15:00:00;201.64;G
2021-02-14;16:00:00;203.58;G
2021-02-14;17:00:00;204.77;G
2021-02-14;18:00:00;204.46;G
2021-02-14;19:00:00;202.64;G
2021-02-14;20:00:00;199.82;G
2021-02-14;21:00:00;198.61;G
2021-02-14;22:00:00;196.31;G
2021-02-14;23:00:00;194.58;G
2021-02-15;00:00:00;193.20;G
2021-02-15;01:00:00;194.29;G
2021-02-15;02:00:00;216.39;G
2021-02-15;03:00:00;215.03;G
2021-02-15;04:00:00;217.33;G
2021-02-15;05:00:00;206.45;G
2021-02-15;06:00:00;214.20;G
2021-02-15;07:00:00;204.30;G
2021-02-15;08:00:00;193.80;G
2021-02-15;09:00:00;200.62;G
2021-02-15;10:00:00;205.19;G
2021-02-15;11:00:00;210.10;G
2021-02-15;12:00:00;235.21;G
2021-02-15;13:00:00;262.83;G
2021-02-15;14:00:00;260.75;G
2021-02-15;15:00:00;272.72;G
2021-02-15;16:00:00;277.70;G
2021-02-15;17:00:00;278.93;G
2021-02-15;18:00:00;280.08;G
2021-02-15;19:00:00;284.26;G
2021-02-15;20:00:00;285.38;G
2021-02-15;21:00:00;284.51;G
2021-02-15;22:00:00;281.09;G
2021-02-15;23:00:00;284.57;G
2021-02-16;00:00:00;286.12;G
2021-02-16;01:00:00;286.23;G
2021-02-16;02:00:00;288.77;G
2021-02-16;03:00:00;285.75;G
2021-02-16;04:00:00;278.18;G
2021-02-16;05:00:00;287.53;G
2021-02-16;06:00:00;293.29;G
2021-02-16;07:00:00;297.97;G
2021-02-16;08:00:00;299.25;G
2021-02-16;09:00:00;299.85;G
2021-02-16;10:00:00;300.54;G
2021-02-16;11:00:00;301.06;G
2021-02-16;12:00:00;301.69;G
2021-02-16;13:00:00;302.15;G
2021-02-16;14:00:00;302.67;G
2021-02-16;15:00:00;302.04;G
2021-02-16;16:00:00;300.68;G
2021-02-16;17:00:00;300.01;G
2021-02-16;18:00:00;299.71;G
2021-02-16;19:00:00;299.66;G
2021-02-16;20:00:00;298.84;G
2021-02-16;21:00:00;298.12;G
2021-02-16;22:00:00;298.23;G
2021-02-16;23:00:00;298.42;G
2021-02-17;00:00:00;297.90;G
2021-02-17;01:00:00;298.21;G
2021-02-17;02:00:00;298.42;G
2021-02-17;03:00:00;298.32;G
2021-02-17;04:00:00;298.21;G
2021-02-17;05:00:00;299.18;G
2021-02-17;06:00:00;301.61;G
2021-02-17;07:00:00;302.29;G
2021-02-17;08:00:00;303.57;G
2021-02-17;09:00:00;304.97;G
2021-02-17;10:00:00;306.00;G
2021-02-17;11:00:00;305.10;G
2021-02-17;12:00:00;301.46;G
2021-02-17;13:00:00;295.50;G
2021-02-17;14:00:00;297.74;G
2021-02-17;15:00:00;300.08;G
2021-02-17;16:00:00;299.13;G
2021-02-17;17:00:00;290.97;G
2021-02-17;18:00:00;279.17;G
2021-02-17;19:00:00;270.36;G
2021-02-17;20:00:00;249.33;G
2021-02-17;21:00:00;247.77;G
2021-02-17;22:00:00;288.43;G
2021-02-17;23:00:00;294.28;G
2021-02-18;00:00:00;292.44;G
2021-02-18;01:00:00;283.82;G
2021-02-18;02:00:00;245.76;G
2021-02-18;03:00:00;228.76;G
2021-02-18;04:00:00;233.43;G
2021-02-18;05:00:00;242.51;G
2021-02-18;06:00:00;280.14;G
2021-02-18;07:00:00;289.63;G
2021-02-18;08:00:00;292.78;G
2021-02-18;09:00:00;295.00;G
2021-02-18;10:00:00;295.82;G
2021-02-18;11:00:00;298.58;G
2021-02-18;12:00:00;300.57;G
2021-02-18;13:00:00;302.28;G
2021-02-18;14:00:00;303.45;G
2021-02-18;15:00:00;304.70;G
2021-02-18;16:00:00;305.13;G
2021-02-18;17:00:00;305.89;G
2021-02-18;18:00:00;306.96;G
2021-02-18;19:00:00;308.60;G
2021-02-18;20:00:00;309.66;G
2021-02-18;21:00:00;310.43;G
2021-02-18;22:00:00;311.54;G
2021-02-18;23:00:00;312.21;G
2021-02-19;00:00:00;313.42;G
2021-02-19;01:00:00;314.00;G
2021-02-19;02:00:00;314.24;G
2021-02-19;03:00:00;314.48;G
2021-02-19;04:00:00;315.05;G
2021-02-19;05:00:00;315.88;G
2021-02-19;06:00:00;316.55;G
2021-02-19;07:00:00;316.98;G
2021-02-19;08:00:00;317.44;G
2021-02-19;09:00:00;319.17;G
2021-02-19;10:00:00;321.71;G
2021-02-19;11:00:00;322.06;G
2021-02-19;12:00:00;322.96;G
2021-02-19;13:00:00;322.13;G
2021-02-19;14:00:00;322.83;G
2021-02-19;15:00:00;321.72;G
2021-02-19;16:00:00;322.68;G
2021-02-19;17:00:00;325.42;G
2021-02-19;18:00:00;325.22;G
2021-02-19;19:00:00;324.54;G
2021-02-19;20:00:00;322.44;G
2021-02-19;21:00:00;321.88;G
2021-02-19;22:00:00;322.44;G
2021-02-19;23:00:00;322.84;G
2021-02-20;00:00:00;323.06;G
2021-02-20;01:00:00;322.98;G
2021-02-20;02:00:00;322.46;G
2021-02-20;03:00:00;320.29;G
2021-02-20;04:00:00;314.04;G
2021-02-20;05:00:00;312.61;G
2021-02-20;06:00:00;311.56;G
2021-02-20;07:00:00;316.27;G
2021-02-20;08:00:00;315.01;G
2021-02-20;09:00:00;314.33;G
2021-02-20;10:00:00;313.78;G
2021-02-20;11:00:00;309.05;G
2021-02-20;12:00:00;316.64;G
2021-02-20;13:00:00;320.71;G
2021-02-20;14:00:00;326.20;G
2021-02-20;15:00:00;325.28;G
2021-02-20;16:00:00;320.87;G
2021-02-20;17:00:00;299.27;G
2021-02-20;18:00:00;313.84;G
2021-02-20;19:00:00;293.11;G
2021-02-20;20:00:00;303.42;G
2021-02-20;21:00:00;291.23;G
2021-02-20;22:00:00;308.05;G
2021-02-20;23:00:00;308.58;G
2021-02-21;00:00:00;313.50;G
2021-02-21;01:00:00;311.90;G
2021-02-21;02:00:00;303.16;G
2021-02-21;03:00:00;274.01;G
2021-02-21;04:00:00;270.62;G
2021-02-21;05:00:00;266.98;G
2021-02-21;06:00:00;265.05;G
2021-02-21;07:00:00;271.84;G
2021-02-21;08:00:00;275.95;G
2021-02-21;09:00:00;282.86;G
2021-02-21;10:00:00;293.96;G
2021-02-21;11:00:00;278.76;G
2021-02-21;12:00:00;280.69;G
2021-02-21;13:00:00;294.19;G
2021-02-21;14:00:00;290.44;G
2021-02-21;15:00:00;283.29;G
2021-02-21;16:00:00;290.88;G
2021-02-21;17:00:00;282.34;G
2021-02-21;18:00:00;276.10;G
2021-02-21;19:00:00;272.65;G
2021-02-21;20:00:00;271.19;G
2021-02-21;21:00:00;265.95;G
2021-02-21;22:00:00;261.52;G
2021-02-21;23:00:00;260.86;G
2021-02-22;00:00:00;259.51;G
2021-02-22;01:00:00;258.80;G
2021-02-22;02:00:00;256.97;G
2021-02-22;03:00:00;255.77;G
2021-02-22;04:00:00;255.55;G
2021-02-22;05:00:00;255.27;G
2021-02-22;06:00:00;254.80;G
2021-02-22;07:00:00;252.50;G
2021-02-22;08:00:00;251.81;G
2021-02-22;09:00:00;253.54;G
2021-02-22;10:00:00;259.71;G
2021-02-22;11:00:00;264.79;G
2021-02-22;12:00:00;268.17;G
2021-02-22;13:00:00;271.82;G
2021-02-22;14:00:00;274.12;G
2021-02-22;15:00:00;275.41;G
2021-02-22;16:00:00;270.62;G
2021-02-22;17:00:00;270.05;G
2021-02-22;18:00:00;266.97;G
2021-02-22;19:00:00;266.65;G
2021-02-22;20:00:00;267.17;G
2021-02-22;21:00:00;270.31;G
2021-02-22;22:00:00;278.12;G
2021-02-22;23:00:00;282.40;G
2021-02-23;00:00:00;291.51;G
2021-02-23;01:00:00;321.20;G
2021-02-23;02:00:00;318.76;G
2021-02-23;03:00:00;297.19;G
2021-02-23;04:00:00;292.98;G
2021-02-23;05:00:00;298.10;G
2021-02-23;06:00:00;304.41;G
2021-02-23;07:00:00;283.85;G
2021-02-23;08:00:00;329.09;G
2021-02-23;09:00:00;338.32;G
2021-02-23;10:00:00;338.13;G
2021-02-23;11:00:00;335.93;G
2021-02-23;12:00:00;278.14;G
2021-02-23;13:00:00;255.64;G
2021-02-23;14:00:00;265.45;G
2021-02-23;15:00:00;263.72;G
2021-02-23;16:00:00;286.18;G
2021-02-23;17:00:00;270.90;G
2021-02-23;18:00:00;321.19;G
2021-02-23;19:00:00;334.78;G
2021-02-23;20:00:00;336.13;G
2021-02-23;21:00:00;327.34;G
2021-02-23;22:00:00;317.85;G
2021-02-23;23:00:00;340.01;G
2021-02-24;00:00:00;344.32;G
2021-02-24;01:00:00;345.06;G
2021-02-24;02:00:00;341.10;G
2021-02-24;03:00:00;344.18;G
2021-02-24;04:00:00;335.72;G
2021-02-24;05:00:00;299.18;G
2021-02-24;06:00:00;294.50;G
2021-02-24;07:00:00;285.49;G
2021-02-24;08:00:00;275.13;G
2021-02-24;09:00:00;274.91;G
2021-02-24;10:00:00;294.92;G
2021-02-24;11:00:00;323.13;G
2021-02-24;12:00:00;310.96;G
2021-02-24;13:00:00;314.33;G
2021-02-24;14:00:00;291.91;G
2021-02-24;15:00:00;331.49;G
2021-02-24;16:00:00;355.75;G
2021-02-24;17:00:00;355.30;G
2021-02-24;18:00:00;354.95;G
2021-02-24;19:00:00;354.52;G
2021-02-24;20:00:00;355.10;G
2021-02-24;21:00:00;355.09;G
2021-02-24;22:00:00;355.05;G
2021-02-24;23:00:00;353.03;G
2021-02-25;00:00:00;334.70;G
2021-02-25;01:00:00;326.32;G
2021-02-25;02:00:00;330.56;G
2021-02-25;03:00:00;324.37;G
2021-02-25;04:00:00;307.77;G
2021-02-25;05:00:00;306.83;G
2021-02-25;06:00:00;310.82;G
2021-02-25;07:00:00;299.52;G
2021-02-25;08:00:00;308.67;G
2021-02-25;09:00:00;296.73;G
2021-02-25;10:00:00;308.93;G
2021-02-25;11:00:00;295.84;G
2021-02-25;12:00:00;315.58;G
2021-02-25;13:00:00;312.84;G
2021-02-25;14:00:00;334.21;G
2021-02-25;15:00:00;358.04;G
2021-02-25;16:00:00;354.88;G
2021-02-25;17:00:00;352.39;G
2021-02-25;18:00:00;346.91;G
2021-02-25;19:00:00;322.98;G
2021-02-25;20:00:00;297.97;G
2021-02-25;21:00:00;313.36;G
2021-02-25;22:00:00;257.40;G
2021-02-25;23:00:00;306.70;G
2021-02-26;00:00:00;325.63;G
2021-02-26;01:00:00;325.05;G
2021-02-26;02:00:00;326.50;G
2021-02-26;03:00:00;326.58;G
2021-02-26;04:00:00;327.14;G
2021-02-26;05:00:00;327.71;G
2021-02-26;06:00:00;327.61;G
2021-02-26;07:00:00;327.20;G
2021-02-26;08:00:00;327.81;G
2021-02-26;09:00:00;328.46;G
2021-02-26;10:00:00;312.24;G
2021-02-26;11:00:00;256.46;G
2021-02-26;12:00:00;265.72;G
2021-02-26;13:00:00;274.42;G
2021-02-26;14:00:00;276.50;G
2021-02-26;15:00:00;262.56;G
2021-02-26;16:00:00;260.04;G
2021-02-26;17:00:00;257.10;G
2021-02-26;18:00:00;253.70;G
2021-02-26;19:00:00;249.93;G
2021-02-26;20:00:00;246.13;G
2021-02-26;21:00:00;243.79;G
2021-02-26;22:00:00;240.17;G
2021-02-26;23:00:00;237.88;G
2021-02-27;00:00:00;235.59;G
2021-02-27;01:00:00;234.15;G
2021-02-27;02:00:00;232.15;G
2021-02-27;03:00:00;230.78;G
2021-02-27;04:00:00;229.04;G
2021-02-27;05:00:00;228.69;G
2021-02-27;06:00:00;227.13;G
2021-02-27;07:00:00;225.64;G
2021-02-27;08:00:00;226.15;G
2021-02-27;09:00:00;230.54;G
2021-02-27;10:00:00;236.68;G
2021-02-27;11:00:00;241.51;G
2021-02-27;12:00:00;247.04;G
2021-02-27;13:00:00;252.61;G
2021-02-27;14:00:00;265.37;G
2021-02-27;15:00:00;279.05;G
2021-02-27;16:00:00;280.81;G
2021-02-27;17:00:00;276.12;G
2021-02-27;18:00:00;300.03;G
2021-02-27;19:00:00;296.33;G
2021-02-27;20:00:00;256.57;G
2021-02-27;21:00:00;307.22;G
2021-02-27;22:00:00;323.36;G
2021-02-27;23:00:00;322.86;G
2021-02-28;00:00:00;319.14;G
2021-02-28;01:00:00;318.13;G
2021-02-28;02:00:00;317.98;G
2021-02-28;03:00:00;315.16;G
2021-02-28;04:00:00;307.06;G
2021-02-28;05:00:00;308.82;G
2021-02-28;06:00:00;315.91;G
2021-02-28;07:00:00;309.45;G
2021-02-28;08:00:00;283.55;G
2021-02-28;09:00:00;254.64;G
2021-02-28;10:00:00;251.58;G
2021-02-28;11:00:00;256.98;G
2021-02-28;12:00:00;262.22;G
2021-02-28;13:00:00;264.66;G
2021-02-28;14:00:00;266.83;G
2021-02-28;15:00:00;267.52;G
2021-02-28;16:00:00;265.14;G
2021-02-28;17:00:00;263.04;G
2021-02-28;18:00:00;259.82;G
2021-02-28;19:00:00;258.14;G
2021-02-28;20:00:00;259.43;G
2021-02-28;21:00:00;255.48;G
2021-02-28;22:00:00;250.68;G
2021-02-28;23:00:00;247.23;G
2021-03-01;00:00:00;246.90;G
2021-03-01;01:00:00;246.25;G
2021-03-01;02:00:00;245.65;G
2021-03-01;03:00:00;244.95;G
2021-03-01;04:00:00;246.80;G
2021-03-01;05:00:00;289.51;G
2021-03-01;06:00:00;297.17;G
2021-03-01;07:00:00;304.82;G
2021-03-01;08:00:00;302.70;G
2021-03-01;09:00:00;300.95;G
2021-03-01;10:00:00;250.34;G
2021-03-01;11:00:00;244.20;G
2021-03-01;12:00:00;249.38;G
2021-03-01;13:00:00;251.04;G
2021-03-01;14:00:00;254.29;G
2021-03-01;15:00:00;258.43;G
2021-03-01;16:00:00;254.27;G
2021-03-01;17:00:00;254.22;G
2021-03-01;18:00:00;280.19;G
2021-03-01;19:00:00;301.76;G
2021-03-01;20:00:00;289.60;G
2021-03-01;21:00:00;282.85;G
2021-03-01;22:00:00;301.79;G
2021-03-01;23:00:00;313.76;G
2021-03-02;00:00:00;313.42;G
2021-03-02;01:00:00;316.54;G
2021-03-02;02:00:00;316.47;G
2021-03-02;03:00:00;313.85;G
2021-03-02;04:00:00;316.58;G
2021-03-02;05:00:00;307.10;G
2021-03-02;06:00:00;309.67;G
2021-03-02;07:00:00;313.24;G
2021-03-02;08:00:00;304.71;G
2021-03-02;09:00:00;254.04;G
2021-03-02;10:00:00;248.24;G
2021-03-02;11:00:00;252.84;G
2021-03-02;12:00:00;257.12;G
2021-03-02;13:00:00;260.79;G
2021-03-02;14:00:00;262.12;G
2021-03-02;15:00:00;261.79;G
2021-03-02;16:00:00;260.17;G
2021-03-02;17:00:00;256.83;G
2021-03-02;18:00:00;251.83;G
2021-03-02;19:00:00;247.33;G
2021-03-02;20:00:00;242.45;G
2021-03-02;21:00:00;242.04;G
2021-03-02;22:00:00;301.13;G
2021-03-02;23:00:00;304.06;G
2021-03-03;00:00:00;307.75;G
2021-03-03;01:00:00;307.44;G
2021-03-03;02:00:00;305.77;G
2021-03-03;03:00:00;303.82;G
2021-03-03;04:00:00;302.28;G
2021-03-03;05:00:00;301.08;G
2021-03-03;06:00:00;301.68;G
2021-03-03;07:00:00;304.53;G
2021-03-03;08:00:00;308.13;G
2021-03-03;09:00:00;308.16;G
2021-03-03;10:00:00;307.31;G
2021-03-03;11:00:00;306.83;G
2021-03-03;12:00:00;302.71;G
2021-03-03;13:00:00;259.30;G
2021-03-03;14:00:00;239.02;G
2021-03-03;15:00:00;241.50;G
2021-03-03;16:00:00;241.38;G
2021-03-03;17:00:00;239.69;G
2021-03-03;18:00:00;236.41;G
2021-03-03;19:00:00;279.33;G
2021-03-03;20:00:00;303.36;G
2021-03-03;21:00:00;308.72;G
2021-03-03;22:00:00;309.34;G
2021-03-03;23:00:00;310.82;G
2021-03-04;00:00:00;311.62;G
2021-03-04;01:00:00;311.54;G
2021-03-04;02:00:00;311.39;G
2021-03-04;03:00:00;311.25;G
2021-03-04;04:00:00;312.52;G
2021-03-04;05:00:00;308.34;G
2021-03-04;06:00:00;304.99;G
2021-03-04;07:00:00;300.35;G
2021-03-04;08:00:00;296.87;G
2021-03-04;09:00:00;259.99;G
2021-03-04;10:00:00;239.96;G
2021-03-04;11:00:00;226.26;G
2021-03-04;12:00:00;220.91;G
2021-03-04;13:00:00;225.88;G
2021-03-04;14:00:00;226.78;G
2021-03-04;15:00:00;238.18;G
2021-03-04;16:00:00;228.90;G
2021-03-04;17:00:00;218.48;G
2021-03-04;18:00:00;216.27;G
2021-03-04;19:00:00;214.30;G
2021-03-04;20:00:00;211.60;G
2021-03-04;21:00:00;210.75;G
2021-03-04;22:00:00;208.06;G
2021-03-04;23:00:00;207.48;G
2021-03-05;00:00:00;208.67;G
2021-03-05;01:00:00;210.25;G
2021-03-05;02:00:00;246.05;G
2021-03-05;03:00:00;209.21;G
2021-03-05;04:00:00;207.05;G
2021-03-05;05:00:00;207.40;G
2021-03-05;06:00:00;207.25;G
2021-03-05;07:00:00;207.49;G
2021-03-05;08:00:00;209.46;G
2021-03-05;09:00:00;214.70;G
2021-03-05;10:00:00;218.27;G
2021-03-05;11:00:00;221.28;G
2021-03-05;12:00:00;251.37;G
2021-03-05;13:00:00;259.46;G
2021-03-05;14:00:00;228.29;G
2021-03-05;15:00:00;221.41;G
2021-03-05;16:00:00;228.74;G
2021-03-05;17:00:00;220.87;G
2021-03-05;18:00:00;218.00;G
2021-03-05;19:00:00;215.19;G
2021-03-05;20:00:00;213.51;G
2021-03-05;21:00:00;213.25;G
2021-03-05;22:00:00;214.19;G
2021-03-05;23:00:00;215.29;G
2021-03-06;00:00:00;211.45;G
2021-03-06;01:00:00;209.00;G
2021-03-06;02:00:00;208.05;G
2021-03-06;03:00:00;208.91;G
2021-03-06;04:00:00;212.30;G
2021-03-06;05:00:00;218.17;G
2021-03-06;06:00:00;219.39;G
2021-03-06;07:00:00;273.04;G
2021-03-06;08:00:00;274.16;G
2021-03-06;09:00:00;266.34;G
2021-03-06;10:00:00;303.28;G
2021-03-06;11:00:00;311.82;G
2021-03-06;12:00:00;310.74;G
2021-03-06;13:00:00;272.06;G
2021-03-06;14:00:00;285.22;G
2021-03-06;15:00:00;277.49;G
2021-03-06;16:00:00;277.90;G
2021-03-06;17:00:00;284.00;G
2021-03-06;18:00:00;308.81;G
2021-03-06;19:00:00;295.24;G
2021-03-06;20:00:00;315.43;G
2021-03-06;21:00:00;318.49;G
2021-03-06;22:00:00;316.77;G
2021-03-06;23:00:00;315.48;G
2021-03-07;00:00:00;293.83;G
2021-03-07;01:00:00;287.81;G
2021-03-07;02:00:00;312.62;G
2021-03-07;03:00:00;313.22;G
2021-03-07;04:00:00;318.50;G
2021-03-07;05:00:00;315.41;G
2021-03-07;06:00:00;299.79;G
2021-03-07;07:00:00;300.07;G
2021-03-07;08:00:00;291.18;G
2021-03-07;09:00:00;253.67;G
2021-03-07;10:00:00;239.46;G
2021-03-07;11:00:00;225.44;G
2021-03-07;12:00:00;217.57;G
2021-03-07;13:00:00;209.15;G
2021-03-07;14:00:00;215.86;G
2021-03-07;15:00:00;225.64;G
2021-03-07;16:00:00;218.36;G
2021-03-07;17:00:00;215.63;G
2021-03-07;18:00:00;210.25;G
2021-03-07;19:00:00;206.05;G
2021-03-07;20:00:00;204.46;G
2021-03-07;21:00:00;203.79;G
2021-03-07;22:00:00;202.93;G
2021-03-07;23:00:00;201.71;G
2021-03-08;00:00:00;201.55;G
2021-03-08;01:00:00;200.26;G
2021-03-08;02:00:00;200.32;G
2021-03-08;03:00:00;200.86;G
2021-03-08;04:00:00;200.80;G
2021-03-08;05:00:00;200.64;G
2021-03-08;06:00:00;200.53;G
2021-03-08;07:00:00;199.77;G
2021-03-08;08:00:00;202.99;G
2021-03-08;09:00:00;206.17;G
2021-03-08;10:00:00;209.70;G
2021-03-08;11:00:00;211.43;G
2021-03-08;12:00:00;211.39;G
2021-03-08;13:00:00;213.14;G
2021-03-08;14:00:00;213.81;G
2021-03-08;15:00:00;214.57;G
2021-03-08;16:00:00;217.99;G
2021-03-08;17:00:00;215.10;G
2021-03-08;18:00:00;209.39;G
2021-03-08;19:00:00;207.43;G
2021-03-08;20:00:00;214.71;G
2021-03-08;21:00:00;219.09;G
2021-03-08;22:00:00;210.07;G
2021-03-08;23:00:00;209.13;G
2021-03-09;00:00:00;217.02;G
2021-03-09;01:00:00;212.62;G
2021-03-09;02:00:00;200.95;G
2021-03-09;03:00:00;199.30;G
2021-03-09;04:00:00;199.38;G
2021-03-09;05:00:00;198.45;G
2021-03-09;06:00:00;198.58;G
2021-03-09;07:00:00;205.26;G
2021-03-09;08:00:00;233.87;G
2021-03-09;09:00:00;249.25;G
2021-03-09;10:00:00;261.32;G
2021-03-09;11:00:00;276.97;G
2021-03-09;12:00:00;267.19;G
2021-03-09;13:00:00;279.47;G
2021-03-09;14:00:00;282.49;G
2021-03-09;15:00:00;289.67;G
2021-03-09;16:00:00;297.70;G
2021-03-09;17:00:00;291.60;G
2021-03-09;18:00:00;284.93;G
2021-03-09;19:00:00;298.24;G
2021-03-09;20:00:00;288.15;G
2021-03-09;21:00:00;295.45;G
2021-03-09;22:00:00;291.43;G
2021-03-09;23:00:00;288.27;G
2021-03-10;00:00:00;290.85;G
2021-03-10;01:00:00;292.53;G
2021-03-10;02:00:00;288.31;G
2021-03-10;03:00:00;300.21;G
2021-03-10;04:00:00;300.18;G
2021-03-10;05:00:00;296.45;G
2021-03-10;06:00:00;289.06;G
2021-03-10;07:00:00;286.35;G
2021-03-10;08:00:00;289.54;G
2021-03-10;09:00:00;291.91;G
2021-03-10;10:00:00;290.95;G
2021-03-10;11:00:00;272.81;G
2021-03-10;12:00:00;271.73;G
2021-03-10;13:00:00;278.38;G
2021-03-10;14:00:00;287.53;G
2021-03-10;15:00:00;289.98;G
2021-03-10;16:00:00;269.46;G
2021-03-10;17:00:00;296.55;G
2021-03-10;18:00:00;257.23;G
2021-03-10;19:00:00;267.12;G
2021-03-10;20:00:00;272.59;G
2021-03-10;21:00:00;248.75;G
2021-03-10;22:00:00;261.83;G
2021-03-10;23:00:00;261.71;G
2021-03-11;00:00:00;255.34;G
2021-03-11;01:00:00;270.96;G
2021-03-11;02:00:00;273.19;G
2021-03-11;03:00:00;289.23;G
2021-03-11;04:00:00;290.87;G
2021-03-11;05:00:00;294.28;G
2021-03-11;06:00:00;300.77;G
2021-03-11;07:00:00;307.25;G
2021-03-11;08:00:00;309.88;G
2021-03-11;09:00:00;312.30;G
2021-03-11;10:00:00;312.67;G
2021-03-11;11:00:00;312.78;G
2021-03-11;12:00:00;313.70;G
2021-03-11;13:00:00;314.97;G
2021-03-11;14:00:00;315.87;G
2021-03-11;15:00:00;316.46;G
2021-03-11;16:00:00;318.95;G
2021-03-11;17:00:00;322.61;G
2021-03-11;18:00:00;326.67;G
2021-03-11;19:00:00;329.01;G
2021-03-11;20:00:00;330.78;G
2021-03-11;21:00:00;331.41;G
2021-03-11;22:00:00;332.26;G
2021-03-11;23:00:00;331.56;G
2021-03-12;00:00:00;329.42;G
2021-03-12;01:00:00;327.64;G
2021-03-12;02:00:00;328.41;G
2021-03-12;03:00:00;327.64;G
2021-03-12;04:00:00;323.73;G
2021-03-12;05:00:00;325.18;G
2021-03-12;06:00:00;326.34;G
2021-03-12;07:00:00;323.76;G
2021-03-12;08:00:00;323.49;G
2021-03-12;09:00:00;317.75;G
2021-03-12;10:00:00;320.70;G
2021-03-12;11:00:00;320.61;G
2021-03-12;12:00:00;308.94;G
2021-03-12;13:00:00;294.81;G
2021-03-12;14:00:00;314.20;G
2021-03-12;15:00:00;305.58;G
2021-03-12;16:00:00;307.56;G
2021-03-12;17:00:00;313.86;G
2021-03-12;18:00:00;310.50;G
2021-03-12;19:00:00;315.15;G
2021-03-12;20:00:00;307.12;G
2021-03-12;21:00:00;275.91;G
2021-03-12;22:00:00;299.08;G
2021-03-12;23:00:00;309.40;G
2021-03-13;00:00:00;305.55;G
2021-03-13;01:00:00;311.10;G
2021-03-13;02:00:00;324.05;G
2021-03-13;03:00:00;321.59;G
2021-03-13;04:00:00;318.30;G
2021-03-13;05:00:00;314.77;G
2021-03-13;06:00:00;315.12;G
2021-03-13;07:00:00;313.28;G
2021-03-13;08:00:00;301.64;G
2021-03-13;09:00:00;316.90;G
2021-03-13;10:00:00;307.57;G
2021-03-13;11:00:00;303.89;G
2021-03-13;12:00:00;319.23;G
2021-03-13;13:00:00;291.80;G
2021-03-13;14:00:00;295.38;G
2021-03-13;15:00:00;302.34;G
2021-03-13;16:00:00;319.43;G
2021-03-13;17:00:00;323.30;G
2021-03-13;18:00:00;322.03;G
2021-03-13;19:00:00;319.37;G
2021-03-13;20:00:00;317.75;G
2021-03-13;21:00:00;317.29;G
2021-03-13;22:00:00;317.46;G
2021-03-13;23:00:00;317.87;G
2021-03-14;00:00:00;317.08;G
2021-03-14;01:00:00;315.47;G
2021-03-14;02:00:00;315.73;G
2021-03-14;03:00:00;312.71;G
2021-03-14;04:00:00;313.42;G
2021-03-14;05:00:00;312.98;G
2021-03-14;06:00:00;314.15;G
2021-03-14;07:00:00;314.97;G
2021-03-14;08:00:00;317.35;G
2021-03-14;09:00:00;315.86;G
2021-03-14;10:00:00;314.54;G
2021-03-14;11:00:00;312.03;G
2021-03-14;12:00:00;311.59;G
2021-03-14;13:00:00;299.52;G
2021-03-14;14:00:00;305.18;G
2021-03-14;15:00:00;306.12;G
2021-03-14;16:00:00;307.46;G
2021-03-14;17:00:00;295.27;G
2021-03-14;18:00:00;249.89;G
2021-03-14;19:00:00;274.60;G
2021-03-14;20:00:00;313.48;G
2021-03-14;21:00:00;307.09;G
2021-03-14;22:00:00;311.23;G
2021-03-14;23:00:00;324.06;G
2021-03-15;00:00:00;323.18;G
2021-03-15;01:00:00;320.52;G
2021-03-15;02:00:00;296.50;G
2021-03-15;03:00:00;307.94;G
2021-03-15;04:00:00;321.29;G
2021-03-15;05:00:00;321.41;G
2021-03-15;06:00:00;323.98;G
2021-03-15;07:00:00;324.99;G
2021-03-15;08:00:00;323.94;G
2021-03-15;09:00:00;328.74;G
2021-03-15;10:00:00;320.15;G
2021-03-15;11:00:00;311.46;G
2021-03-15;12:00:00;307.72;G
2021-03-15;13:00:00;292.17;G
2021-03-15;14:00:00;315.04;G
2021-03-15;15:00:00;322.69;G
2021-03-15;16:00:00;322.86;G
2021-03-15;17:00:00;313.53;G
2021-03-15;18:00:00;317.91;G
2021-03-15;19:00:00;314.15;G
2021-03-15;20:00:00;310.97;G
2021-03-15;21:00:00;312.67;G
2021-03-15;22:00:00;313.21;G
2021-03-15;23:00:00;295.99;G
2021-03-16;00:00:00;304.52;G
2021-03-16;01:00:00;310.93;G
2021-03-16;02:00:00;305.49;G
2021-03-16;03:00:00;309.83;G
2021-03-16;04:00:00;299.30;G
2021-03-16;05:00:00;292.97;G
2021-03-16;06:00:00;303.46;G
2021-03-16;07:00:00;306.04;G
2021-03-16;08:00:00;301.52;G
2021-03-16;09:00:00;294.77;G
2021-03-16;10:00:00;274.78;G
2021-03-16;11:00:00;265.22;G
2021-03-16;12:00:00;250.99;G
2021-03-16;13:00:00;242.31;G
2021-03-16;14:00:00;245.52;G
2021-03-16;15:00:00;294.86;G
2021-03-16;16:00:00;304.46;G
2021-03-16;17:00:00;298.80;G
2021-03-16;18:00:00;272.05;G
2021-03-16;19:00:00;291.30;G
2021-03-16;20:00:00;291.10;G
2021-03-16;21:00:00;247.26;G
2021-03-16;22:00:00;240.02;G
2021-03-16;23:00:00;236.17;G
2021-03-17;00:00:00;234.07;G
2021-03-17;01:00:00;231.06;G
2021-03-17;02:00:00;232.74;G
2021-03-17;03:00:00;230.55;G
2021-03-17;04:00:00;225.73;G
2021-03-17;05:00:00;231.45;G
2021-03-17;06:00:00;227.28;G
2021-03-17;07:00:00;224.88;G
2021-03-17;08:00:00;229.00;G
2021-03-17;09:00:00;236.96;G
2021-03-17;10:00:00;241.54;G
2021-03-17;11:00:00;276.03;G
2021-03-17;12:00:00;278.77;G
2021-03-17;13:00:00;285.61;G
2021-03-17;14:00:00;265.87;G
2021-03-17;15:00:00;259.65;G
2021-03-17;16:00:00;256.28;G
2021-03-17;17:00:00;250.89;G
2021-03-17;18:00:00;233.37;G
2021-03-17;19:00:00;239.08;G
2021-03-17;20:00:00;262.56;G
2021-03-17;21:00:00;249.49;G
2021-03-17;22:00:00;233.50;G
2021-03-17;23:00:00;228.03;G
2021-03-18;00:00:00;221.66;G
2021-03-18;01:00:00;220.79;G
2021-03-18;02:00:00;223.37;G
2021-03-18;03:00:00;234.68;G
2021-03-18;04:00:00;223.40;G
2021-03-18;05:00:00;217.85;G
2021-03-18;06:00:00;224.00;G
2021-03-18;07:00:00;265.04;G
2021-03-18;08:00:00;275.70;G
2021-03-18;09:00:00;273.77;G
2021-03-18;10:00:00;263.81;G
2021-03-18;11:00:00;249.97;G
2021-03-18;12:00:00;268.89;G
2021-03-18;13:00:00;291.87;G
2021-03-18;14:00:00;299.09;G
2021-03-18;15:00:00;290.02;G
2021-03-18;16:00:00;280.61;G
2021-03-18;17:00:00;242.46;G
2021-03-18;18:00:00;275.34;G
2021-03-18;19:00:00;276.86;G
2021-03-18;20:00:00;262.11;G
2021-03-18;21:00:00;233.60;G
2021-03-18;22:00:00;233.82;G
2021-03-18;23:00:00;274.59;G
2021-03-19;00:00:00;287.36;G
2021-03-19;01:00:00;295.80;G
2021-03-19;02:00:00;273.20;G
2021-03-19;03:00:00;226.77;G
2021-03-19;04:00:00;243.59;G
2021-03-19;05:00:00;201.81;G
2021-03-19;06:00:00;196.38;G
2021-03-19;07:00:00;196.69;G
2021-03-19;08:00:00;199.19;G
2021-03-19;09:00:00;202.27;G
2021-03-19;10:00:00;206.64;G
2021-03-19;11:00:00;214.10;G
2021-03-19;12:00:00;213.75;G
2021-03-19;13:00:00;211.69;G
2021-03-19;14:00:00;214.22;G
2021-03-19;15:00:00;219.51;G
2021-03-19;16:00:00;215.99;G
2021-03-19;17:00:00;212.99;G
2021-03-19;18:00:00;211.76;G
2021-03-19;19:00:00;224.11;G
2021-03-19;20:00:00;243.53;G
2021-03-19;21:00:00;259.01;G
2021-03-19;22:00:00;250.41;G
2021-03-19;23:00:00;282.24;G
2021-03-20;00:00:00;286.67;G
2021-03-20;01:00:00;283.12;G
2021-03-20;02:00:00;285.50;G
2021-03-20;03:00:00;290.86;G
2021-03-20;04:00:00;291.52;G
2021-03-20;05:00:00;290.09;G
2021-03-20;06:00:00;291.91;G
2021-03-20;07:00:00;297.69;G
2021-03-20;08:00:00;306.18;G
2021-03-20;09:00:00;308.90;G
2021-03-20;10:00:00;309.84;G
2021-03-20;11:00:00;313.71;G
2021-03-20;12:00:00;316.56;G
2021-03-20;13:00:00;317.49;G
2021-03-20;14:00:00;317.20;G
2021-03-20;15:00:00;317.52;G
2021-03-20;16:00:00;319.38;G
2021-03-20;17:00:00;321.20;G
2021-03-20;18:00:00;322.74;G
2021-03-20;19:00:00;324.72;G
2021-03-20;20:00:00;326.64;G
2021-03-20;21:00:00;329.04;G
2021-03-20;22:00:00;327.15;G
2021-03-20;23:00:00;321.02;G
2021-03-21;00:00:00;317.28;G
2021-03-21;01:00:00;291.60;G
2021-03-21;02:00:00;280.98;G
2021-03-21;03:00:00;253.92;G
2021-03-21;04:00:00;240.39;G
2021-03-21;05:00:00;230.05;G
2021-03-21;06:00:00;224.92;G
2021-03-21;07:00:00;225.07;G
2021-03-21;08:00:00;226.98;G
2021-03-21;09:00:00;230.46;G
2021-03-21;10:00:00;231.09;G
2021-03-21;11:00:00;233.13;G
2021-03-21;12:00:00;234.77;G
2021-03-21;13:00:00;234.14;G
2021-03-21;14:00:00;239.77;G
2021-03-21;15:00:00;243.72;G
2021-03-21;16:00:00;242.08;G
2021-03-21;17:00:00;247.88;G
2021-03-21;18:00:00;231.01;G
2021-03-21;19:00:00;227.45;G
2021-03-21;20:00:00;226.44;G
2021-03-21;21:00:00;224.72;G
2021-03-21;22:00:00;223.41;G
2021-03-21;23:00:00;222.85;G
2021-03-22;00:00:00;222.69;G
2021-03-22;01:00:00;224.45;G
2021-03-22;02:00:00;243.04;G
2021-03-22;03:00:00;252.26;G
2021-03-22;04:00:00;255.70;G
2021-03-22;05:00:00;274.55;G
2021-03-22;06:00:00;276.90;G
2021-03-22;07:00:00;267.84;G
2021-03-22;08:00:00;258.73;G
2021-03-22;09:00:00;254.73;G
2021-03-22;10:00:00;250.90;G
2021-03-22;11:00:00;250.44;G
2021-03-22;12:00:00;277.46;G
2021-03-22;13:00:00;258.97;G
2021-03-22;14:00:00;255.28;G
2021-03-22;15:00:00;254.78;G
2021-03-22;16:00:00;256.50;G
2021-03-22;17:00:00;259.41;G
2021-03-22;18:00:00;254.48;G
2021-03-22;19:00:00;255.47;G
2021-03-22;20:00:00;246.21;G
2021-03-22;21:00:00;243.27;G
2021-03-22;22:00:00;240.38;G
2021-03-22;23:00:00;249.00;G
2021-03-23;00:00:00;292.10;G
2021-03-23;01:00:00;308.58;G
2021-03-23;02:00:00;309.94;G
2021-03-23;03:00:00;312.82;G
2021-03-23;04:00:00;316.39;G
2021-03-23;05:00:00;319.31;G
2021-03-23;06:00:00;320.76;G
2021-03-23;07:00:00;321.87;G
2021-03-23;08:00:00;323.15;G
2021-03-23;09:00:00;324.99;G
2021-03-23;10:00:00;326.93;G
2021-03-23;11:00:00;327.82;G
2021-03-23;12:00:00;310.61;G
2021-03-23;13:00:00;266.65;G
2021-03-23;14:00:00;265.01;G
2021-03-23;15:00:00;271.48;G
2021-03-23;16:00:00;320.15;G
2021-03-23;17:00:00;329.44;G
2021-03-23;18:00:00;326.91;G
2021-03-23;19:00:00;324.58;G
2021-03-23;20:00:00;324.08;G
2021-03-23;21:00:00;323.85;G
2021-03-23;22:00:00;323.31;G
2021-03-23;23:00:00;323.54;G
2021-03-24;00:00:00;323.56;G
2021-03-24;01:00:00;323.63;G
2021-03-24;02:00:00;323.14;G
2021-03-24;03:00:00;323.62;G
2021-03-24;04:00:00;324.79;G
2021-03-24;05:00:00;324.25;G
2021-03-24;06:00:00;321.98;G
2021-03-24;07:00:00;300.01;G
2021-03-24;08:00:00;272.68;G
2021-03-24;09:00:00;308.87;G
2021-03-24;10:00:00;317.95;G
2021-03-24;11:00:00;328.21;G
2021-03-24;12:00:00;328.14;G
2021-03-24;13:00:00;295.69;G
2021-03-24;14:00:00;268.06;G
2021-03-24;15:00:00;275.18;G
2021-03-24;16:00:00;299.71;G
2021-03-24;17:00:00;323.30;G
2021-03-24;18:00:00;308.89;G
2021-03-24;19:00:00;318.23;G
2021-03-24;20:00:00;324.02;G
2021-03-24;21:00:00;327.40;G
2021-03-24;22:00:00;328.88;G
2021-03-24;23:00:00;329.77;G
2021-03-25;00:00:00;335.94;G
2021-03-25;01:00:00;337.68;G
2021-03-25;02:00:00;338.59;G
2021-03-25;03:00:00;338.75;G
2021-03-25;04:00:00;337.44;G
2021-03-25;05:00:00;336.98;G
2021-03-25;06:00:00;331.13;G
2021-03-25;07:00:00;323.35;G
2021-03-25;08:00:00;282.16;G
2021-03-25;09:00:00;261.74;G
2021-03-25;10:00:00;268.75;G
2021-03-25;11:00:00;264.06;G
2021-03-25;12:00:00;265.30;G
2021-03-25;13:00:00;270.41;G
2021-03-25;14:00:00;286.42;G
2021-03-25;15:00:00;306.72;G
2021-03-25;16:00:00;288.60;G
2021-03-25;17:00:00;271.55;G
2021-03-25;18:00:00;289.51;G
2021-03-25;19:00:00;305.70;G
2021-03-25;20:00:00;297.57;G
2021-03-25;21:00:00;261.72;G
2021-03-25;22:00:00;281.07;G
2021-03-25;23:00:00;269.86;G
2021-03-26;00:00:00;264.01;G
2021-03-26;01:00:00;267.57;G
2021-03-26;02:00:00;289.90;G
2021-03-26;03:00:00;260.53;G
2021-03-26;04:00:00;255.08;G
2021-03-26;05:00:00;254.91;G
2021-03-26;06:00:00;278.84;G
2021-03-26;07:00:00;283.38;G
2021-03-26;08:00:00;296.85;G
2021-03-26;09:00:00;298.20;G
2021-03-26;10:00:00;293.26;G
2021-03-26;11:00:00;309.22;G
2021-03-26;12:00:00;311.04;G
2021-03-26;13:00:00;285.87;G
2021-03-26;14:00:00;321.58;G
2021-03-26;15:00:00;322.42;G
2021-03-26;16:00:00;326.74;G
2021-03-26;17:00:00;330.65;G
2021-03-26;18:00:00;339.93;G
2021-03-26;19:00:00;304.56;G
2021-03-26;20:00:00;284.31;G
2021-03-26;21:00:00;299.80;G
2021-03-26;22:00:00;311.63;G
2021-03-26;23:00:00;317.53;G
2021-03-27;00:00:00;314.89;G
2021-03-27;01:00:00;314.56;G
2021-03-27;02:00:00;273.05;G
2021-03-27;03:00:00;283.74;G
2021-03-27;04:00:00;264.73;G
2021-03-27;05:00:00;258.22;G
2021-03-27;06:00:00;261.72;G
2021-03-27;07:00:00;278.75;G
2021-03-27;08:00:00;297.55;G
2021-03-27;09:00:00;286.78;G
2021-03-27;10:00:00;313.23;G
2021-03-27;11:00:00;337.10;G
2021-03-27;12:00:00;327.57;G
2021-03-27;13:00:00;306.83;G
2021-03-27;14:00:00;338.42;G
2021-03-27;15:00:00;343.72;G
2021-03-27;16:00:00;335.57;G
2021-03-27;17:00:00;332.10;G
2021-03-27;18:00:00;325.57;G
2021-03-27;19:00:00;324.82;G
2021-03-27;20:00:00;324.79;G
2021-03-27;21:00:00;326.67;G
2021-03-27;22:00:00;327.61;G
2021-03-27;23:00:00;322.17;G
2021-03-28;00:00:00;317.46;G
2021-03-28;01:00:00;321.38;G
2021-03-28;02:00:00;320.89;G
2021-03-28;03:00:00;318.77;G
2021-03-28;04:00:00;317.92;G
2021-03-28;05:00:00;317.24;G
2021-03-28;06:00:00;313.45;G
2021-03-28;07:00:00;314.66;G
2021-03-28;08:00:00;315.93;G
2021-03-28;09:00:00;316.11;G
2021-03-28;10:00:00;311.74;G
2021-03-28;11:00:00;303.59;G
2021-03-28;12:00:00;312.00;G
2021-03-28;13:00:00;320.97;G
2021-03-28;14:00:00;331.59;G
2021-03-28;15:00:00;331.18;G
2021-03-28;16:00:00;334.15;G
2021-03-28;17:00:00;335.58;G
2021-03-28;18:00:00;333.34;G
2021-03-28;19:00:00;337.60;G
2021-03-28;20:00:00;339.04;G
2021-03-28;21:00:00;340.72;G
2021-03-28;22:00:00;341.94;G
2021-03-28;23:00:00;342.56;G
2021-03-29;00:00:00;342.35;G
2021-03-29;01:00:00;342.79;G
2021-03-29;02:00:00;343.51;G
2021-03-29;03:00:00;343.44;G
2021-03-29;04:00:00;343.89;G
2021-03-29;05:00:00;344.68;G
2021-03-29;06:00:00;345.95;G
2021-03-29;07:00:00;347.59;G
2021-03-29;08:00:00;347.77;G
2021-03-29;09:00:00;348.61;G
2021-03-29;10:00:00;349.23;G
2021-03-29;11:00:00;351.03;G
2021-03-29;12:00:00;351.62;G
2021-03-29;13:00:00;351.98;G
2021-03-29;14:00:00;352.48;G
2021-03-29;15:00:00;352.69;G
2021-03-29;16:00:00;353.21;G
2021-03-29;17:00:00;352.92;G
2021-03-29;18:00:00;353.92;G
2021-03-29;19:00:00;354.00;G
2021-03-29;20:00:00;353.38;G
2021-03-29;21:00:00;352.65;G
2021-03-29;22:00:00;352.91;G
2021-03-29;23:00:00;352.49;G
2021-03-30;00:00:00;351.91;G
2021-03-30;01:00:00;350.85;G
2021-03-30;02:00:00;350.63;G
2021-03-30;03:00:00;350.17;G
2021-03-30;04:00:00;351.21;G
2021-03-30;05:00:00;352.30;G
2021-03-30;06:00:00;353.74;G
2021-03-30;07:00:00;354.48;G
2021-03-30;08:00:00;357.75;G
2021-03-30;09:00:00;349.34;G
2021-03-30;10:00:00;344.29;G
2021-03-30;11:00:00;305.37;G
2021-03-30;12:00:00;296.49;G
2021-03-30;13:00:00;293.83;G
2021-03-30;14:00:00;308.66;G
2021-03-30;15:00:00;324.41;G
2021-03-30;16:00:00;308.62;G
2021-03-30;17:00:00;302.42;G
2021-03-30;18:00:00;314.67;G
2021-03-30;19:00:00;279.70;G
2021-03-30;20:00:00;279.96;G
2021-03-30;21:00:00;287.99;G
2021-03-30;22:00:00;282.57;G
2021-03-30;23:00:00;320.90;G
2021-03-31;00:00:00;321.41;G
2021-03-31;01:00:00;334.35;G
2021-03-31;02:00:00;339.89;G
2021-03-31;03:00:00;345.62;G
2021-03-31;04:00:00;346.47;G
2021-03-31;05:00:00;345.76;G
2021-03-31;06:00:00;346.30;G
2021-03-31;07:00:00;345.98;G
2021-03-31;08:00:00;347.29;G
2021-03-31;09:00:00;347.58;G
2021-03-31;10:00:00;347.96;G
2021-03-31;11:00:00;348.16;G
2021-03-31;12:00:00;345.78;G
2021-03-31;13:00:00;315.10;G
2021-03-31;14:00:00;308.76;G
2021-03-31;15:00:00;319.05;G
2021-03-31;16:00:00;328.07;G
2021-03-31;17:00:00;333.10;G
2021-03-31;18:00:00;331.59;G
2021-03-31;19:00:00;323.12;G
2021-03-31;20:00:00;319.27;G
2021-03-31;21:00:00;325.15;G
2021-03-31;22:00:00;326.46;G
2021-03-31;23:00:00;348.06;G
2021-04-01;00:00:00;340.28;G
2021-04-01;01:00:00;348.78;G
2021-04-01;02:00:00;350.19;G
2021-04-01;03:00:00;341.32;G
2021-04-01;04:00:00;330.25;G
2021-04-01;05:00:00;322.37;G
2021-04-01;06:00:00;322.36;G
2021-04-01;07:00:00;300.76;G
2021-04-01;08:00:00;291.92;G
2021-04-01;09:00:00;286.79;G
2021-04-01;10:00:00;262.43;G
2021-04-01;11:00:00;252.51;G
2021-04-01;12:00:00;266.29;G
2021-04-01;13:00:00;288.79;G
2021-04-01;14:00:00;279.61;G
2021-04-01;15:00:00;253.15;G
2021-04-01;16:00:00;251.80;G
2021-04-01;17:00:00;253.61;G
2021-04-01;18:00:00;247.58;G
2021-04-01;19:00:00;241.14;G
2021-04-01;20:00:00;240.40;G
2021-04-01;21:00:00;239.37;G
2021-04-01;22:00:00;237.63;G
2021-04-01;23:00:00;236.27;G
2021-04-02;00:00:00;234.80;G
2021-04-02;01:00:00;232.18;G
2021-04-02;02:00:00;230.75;G
2021-04-02;03:00:00;231.67;G
2021-04-02;04:00:00;232.50;G
2021-04-02;05:00:00;249.60;G
2021-04-02;06:00:00;286.06;G
2021-04-02;07:00:00;305.99;G
2021-04-02;08:00:00;315.44;G
2021-04-02;09:00:00;314.74;G
2021-04-02;10:00:00;308.42;G
2021-04-02;11:00:00;282.38;G
2021-04-02;12:00:00;270.79;G
2021-04-02;13:00:00;258.81;G
2021-04-02;14:00:00;302.60;G
2021-04-02;15:00:00;297.16;G
2021-04-02;16:00:00;316.65;G
2021-04-02;17:00:00;279.76;G
2021-04-02;18:00:00;251.56;G
2021-04-02;19:00:00;244.78;G
2021-04-02;20:00:00;239.28;G
2021-04-02;21:00:00;238.41;G
2021-04-02;22:00:00;234.51;G
2021-04-02;23:00:00;231.12;G
2021-04-03;00:00:00;238.58;G
2021-04-03;01:00:00;246.59;G
2021-04-03;02:00:00;228.17;G
2021-04-03;03:00:00;221.67;G
2021-04-03;04:00:00;220.77;G
2021-04-03;05:00:00;221.06;G
2021-04-03;06:00:00;222.69;G
2021-04-03;07:00:00;224.32;G
2021-04-03;08:00:00;227.41;G
2021-04-03;09:00:00;233.10;G
2021-04-03;10:00:00;244.41;G
2021-04-03;11:00:00;239.81;G
2021-04-03;12:00:00;243.85;G
2021-04-03;13:00:00;242.53;G
2021-04-03;14:00:00;243.13;G
2021-04-03;15:00:00;250.13;G
2021-04-03;16:00:00;246.61;G
2021-04-03;17:00:00;245.09;G
2021-04-03;18:00:00;243.72;G
2021-04-03;19:00:00;240.91;G
2021-04-03;20:00:00;238.28;G
2021-04-03;21:00:00;237.29;G
2021-04-03;22:00:00;236.63;G
2021-04-03;23:00:00;235.47;G
2021-04-04;00:00:00;233.45;G
2021-04-04;01:00:00;232.12;G
2021-04-04;02:00:00;231.32;G
2021-04-04;03:00:00;230.41;G
2021-04-04;04:00:00;229.64;G
2021-04-04;05:00:00;228.88;G
2021-04-04;06:00:00;232.47;G
2021-04-04;07:00:00;235.48;G
2021-04-04;08:00:00;241.97;G
2021-04-04;09:00:00;246.88;G
2021-04-04;10:00:00;292.44;G
2021-04-04;11:00:00;324.75;G
2021-04-04;12:00:00;327.77;G
2021-04-04;13:00:00;330.17;G
2021-04-04;14:00:00;329.84;G
2021-04-04;15:00:00;327.29;G
2021-04-04;16:00:00;332.75;G
2021-04-04;17:00:00;334.73;G
2021-04-04;18:00:00;333.95;G
2021-04-04;19:00:00;327.44;G
2021-04-04;20:00:00;320.59;G
2021-04-04;21:00:00;318.28;G
2021-04-04;22:00:00;325.34;G
2021-04-04;23:00:00;325.17;G
2021-04-05;00:00:00;325.72;G
2021-04-05;01:00:00;330.12;G
2021-04-05;02:00:00;325.67;G
2021-04-05;03:00:00;314.26;G
2021-04-05;04:00:00;307.39;G
2021-04-05;05:00:00;260.80;G
2021-04-05;06:00:00;239.96;G
2021-04-05;07:00:00;226.52;G
2021-04-05;08:00:00;223.78;G
2021-04-05;09:00:00;250.22;G
2021-04-05;10:00:00;269.34;G
2021-04-05;11:00:00;242.15;G
2021-04-05;12:00:00;253.79;G
2021-04-05;13:00:00;264.25;G
2021-04-05;14:00:00;249.41;G
2021-04-05;15:00:00;246.70;G
2021-04-05;16:00:00;247.76;G
2021-04-05;17:00:00;261.27;G
2021-04-05;18:00:00;296.17;G
2021-04-05;19:00:00;240.54;G
2021-04-05;20:00:00;224.82;G
2021-04-05;21:00:00;221.56;G
2021-04-05;22:00:00;221.94;G
2021-04-05;23:00:00;220.97;G
2021-04-06;00:00:00;220.80;G
2021-04-06;01:00:00;220.45;G
2021-04-06;02:00:00;219.42;G
2021-04-06;03:00:00;217.50;G
2021-04-06;04:00:00;216.43;G
2021-04-06;05:00:00;215.63;G
2021-04-06;06:00:00;217.53;G
2021-04-06;07:00:00;221.94;G
2021-04-06;08:00:00;231.44;G
2021-04-06;09:00:00;247.17;G
2021-04-06;10:00:00;265.90;G
2021-04-06;11:00:00;262.31;G
2021-04-06;12:00:00;264.65;G
2021-04-06;13:00:00;267.80;G
2021-04-06;14:00:00;287.77;G
2021-04-06;15:00:00;289.39;G
2021-04-06;16:00:00;264.50;G
2021-04-06;17:00:00;252.55;G
2021-04-06;18:00:00;235.15;G
2021-04-06;19:00:00;224.70;G
2021-04-06;20:00:00;219.98;G
2021-04-06;21:00:00;216.48;G
2021-04-06;22:00:00;214.72;G
2021-04-06;23:00:00;211.88;G
2021-04-07;00:00:00;213.11;G
2021-04-07;01:00:00;217.72;G
2021-04-07;02:00:00;226.00;G
2021-04-07;03:00:00;254.38;G
2021-04-07;04:00:00;293.30;G
2021-04-07;05:00:00;300.01;G
2021-04-07;06:00:00;293.89;G
2021-04-07;07:00:00;272.20;G
2021-04-07;08:00:00;259.53;G
2021-04-07;09:00:00;286.22;G
2021-04-07;10:00:00;301.73;G
2021-04-07;11:00:00;302.19;G
2021-04-07;12:00:00;309.46;G
2021-04-07;13:00:00;300.78;G
2021-04-07;14:00:00;306.16;G
2021-04-07;15:00:00;296.33;G
2021-04-07;16:00:00;302.58;G
2021-04-07;17:00:00;301.30;G
2021-04-07;18:00:00;267.40;G
2021-04-07;19:00:00;261.34;G
2021-04-07;20:00:00;262.34;G
2021-04-07;21:00:00;242.79;G
2021-04-07;22:00:00;230.89;G
2021-04-07;23:00:00;229.71;G
2021-04-08;00:00:00;224.64;G
2021-04-08;01:00:00;223.02;G
2021-04-08;02:00:00;222.58;G
2021-04-08;03:00:00;221.25;G
2021-04-08;04:00:00;220.74;G
2021-04-08;05:00:00;220.94;G
2021-04-08;06:00:00;222.68;G
2021-04-08;07:00:00;229.53;G
2021-04-08;08:00:00;235.56;G
2021-04-08;09:00:00;241.84;G
2021-04-08;10:00:00;267.66;G
2021-04-08;11:00:00;285.23;G
2021-04-08;12:00:00;274.49;G
2021-04-08;13:00:00;265.70;G
2021-04-08;14:00:00;278.46;G
2021-04-08;15:00:00;273.01;G
2021-04-08;16:00:00;297.16;G
2021-04-08;17:00:00;289.79;G
2021-04-08;18:00:00;299.72;G
2021-04-08;19:00:00;285.44;G
2021-04-08;20:00:00;260.23;G
2021-04-08;21:00:00;249.18;G
2021-04-08;22:00:00;292.25;G
2021-04-08;23:00:00;316.99;G
2021-04-09;00:00:00;319.43;G
2021-04-09;01:00:00;318.90;G
2021-04-09;02:00:00;321.78;G
2021-04-09;03:00:00;325.18;G
2021-04-09;04:00:00;326.05;G
2021-04-09;05:00:00;324.95;G
2021-04-09;06:00:00;328.04;G
2021-04-09;07:00:00;329.67;G
2021-04-09;08:00:00;329.65;G
2021-04-09;09:00:00;329.62;G
2021-04-09;10:00:00;320.59;G
2021-04-09;11:00:00;316.68;G
2021-04-09;12:00:00;315.92;G
2021-04-09;13:00:00;278.07;G
2021-04-09;14:00:00;281.88;G
2021-04-09;15:00:00;283.68;G
2021-04-09;16:00:00;276.56;G
2021-04-09;17:00:00;268.63;G
2021-04-09;18:00:00;240.86;G
2021-04-09;19:00:00;234.98;G
2021-04-09;20:00:00;234.31;G
2021-04-09;21:00:00;234.29;G
2021-04-09;22:00:00;246.67;G
2021-04-09;23:00:00;248.09;G
2021-04-10;00:00:00;227.47;G
2021-04-10;01:00:00;264.27;G
2021-04-10;02:00:00;243.67;G
2021-04-10;03:00:00;234.96;G
2021-04-10;04:00:00;225.23;G
2021-04-10;05:00:00;225.36;G
2021-04-10;06:00:00;238.22;G
2021-04-10;07:00:00;257.64;G
2021-04-10;08:00:00;279.92;G
2021-04-10;09:00:00;270.68;G
2021-04-10;10:00:00;255.75;G
2021-04-10;11:00:00;251.94;G
2021-04-10;12:00:00;250.35;G
2021-04-10;13:00:00;271.56;G
2021-04-10;14:00:00;263.20;G
2021-04-10;15:00:00;271.36;G
2021-04-10;16:00:00;255.59;G
2021-04-10;17:00:00;248.75;G
2021-04-10;18:00:00;237.51;G
2021-04-10;19:00:00;239.15;G
2021-04-10;20:00:00;238.42;G
2021-04-10;21:00:00;243.20;G
2021-04-10;22:00:00;242.66;G
2021-04-10;23:00:00;241.38;G
2021-04-11;00:00:00;239.52;G
2021-04-11;01:00:00;252.48;G
2021-04-11;02:00:00;241.13;G
2021-04-11;03:00:00;239.68;G
2021-04-11;04:00:00;267.91;G
2021-04-11;05:00:00;288.47;G
2021-04-11;06:00:00;287.22;G
2021-04-11;07:00:00;299.60;G
2021-04-11;08:00:00;305.62;G
2021-04-11;09:00:00;308.76;G
2021-04-11;10:00:00;311.98;G
2021-04-11;11:00:00;317.64;G
2021-04-11;12:00:00;317.75;G
2021-04-11;13:00:00;316.54;G
2021-04-11;14:00:00;318.22;G
2021-04-11;15:00:00;319.09;G
2021-04-11;16:00:00;321.49;G
2021-04-11;17:00:00;325.08;G
2021-04-11;18:00:00;326.06;G
2021-04-11;19:00:00;327.72;G
2021-04-11;20:00:00;327.47;G
2021-04-11;21:00:00;327.12;G
2021-04-11;22:00:00;329.11;G
2021-04-11;23:00:00;332.72;G
2021-04-12;00:00:00;330.92;G
2021-04-12;01:00:00;331.26;G
2021-04-12;02:00:00;328.57;G
2021-04-12;03:00:00;330.52;G
2021-04-12;04:00:00;325.70;G
2021-04-12;05:00:00;320.95;G
2021-04-12;06:00:00;314.37;G
2021-04-12;07:00:00;307.99;G
2021-04-12;08:00:00;310.77;G
2021-04-12;09:00:00;307.73;G
2021-04-12;10:00:00;301.39;G
2021-04-12;11:00:00;303.61;G
2021-04-12;12:00:00;312.65;G
2021-04-12;13:00:00;297.82;G
2021-04-12;14:00:00;302.97;G
2021-04-12;15:00:00;294.76;G
2021-04-12;16:00:00;263.06;G
2021-04-12;17:00:00;267.95;G
2021-04-12;18:00:00;246.28;G
2021-04-12;19:00:00;243.28;G
2021-04-12;20:00:00;245.29;G
2021-04-12;21:00:00;235.25;G
2021-04-12;22:00:00;230.13;G
2021-04-12;23:00:00;228.70;G
2021-04-13;00:00:00;227.85;G
2021-04-13;01:00:00;228.15;G
2021-04-13;02:00:00;232.13;G
2021-04-13;03:00:00;236.04;G
2021-04-13;04:00:00;247.50;G
2021-04-13;05:00:00;297.33;G
2021-04-13;06:00:00;296.07;G
2021-04-13;07:00:00;307.24;G
2021-04-13;08:00:00;313.09;G
2021-04-13;09:00:00;286.39;G
2021-04-13;10:00:00;300.50;G
2021-04-13;11:00:00;278.46;G
2021-04-13;12:00:00;312.11;G
2021-04-13;13:00:00;309.65;G
2021-04-13;14:00:00;290.93;G
2021-04-13;15:00:00;289.63;G
2021-04-13;16:00:00;273.77;G
2021-04-13;17:00:00;285.30;G
2021-04-13;18:00:00;288.15;G
2021-04-13;19:00:00;255.06;G
2021-04-13;20:00:00;234.50;G
2021-04-13;21:00:00;231.55;G
2021-04-13;22:00:00;228.90;G
2021-04-13;23:00:00;227.99;G
2021-04-14;00:00:00;226.92;G
2021-04-14;01:00:00;226.17;G
2021-04-14;02:00:00;224.21;G
2021-04-14;03:00:00;222.86;G
2021-04-14;04:00:00;222.43;G
2021-04-14;05:00:00;221.50;G
2021-04-14;06:00:00;221.70;G
2021-04-14;07:00:00;225.84;G
2021-04-14;08:00:00;231.04;G
2021-04-14;09:00:00;238.25;G
2021-04-14;10:00:00;243.32;G
2021-04-14;11:00:00;263.54;G
2021-04-14;12:00:00;289.70;G
2021-04-14;13:00:00;282.56;G
2021-04-14;14:00:00;292.54;G
2021-04-14;15:00:00;279.45;G
2021-04-14;16:00:00;282.45;G
2021-04-14;17:00:00;269.01;G
2021-04-14;18:00:00;275.04;G
2021-04-14;19:00:00;270.27;G
2021-04-14;20:00:00;259.73;G
2021-04-14;21:00:00;238.89;G
2021-04-14;22:00:00;245.25;G
2021-04-14;23:00:00;234.67;G
2021-04-15;00:00:00;267.11;G
2021-04-15;01:00:00;262.35;G
2021-04-15;02:00:00;282.64;G
2021-04-15;03:00:00;286.28;G
2021-04-15;04:00:00;255.05;G
2021-04-15;05:00:00;241.03;G
2021-04-15;06:00:00;243.22;G
2021-04-15;07:00:00;246.08;G
2021-04-15;08:00:00;249.77;G
2021-04-15;09:00:00;249.08;G
2021-04-15;10:00:00;246.40;G
2021-04-15;11:00:00;246.95;G
2021-04-15;12:00:00;248.88;G
2021-04-15;13:00:00;251.97;G
2021-04-15;14:00:00;253.10;G
2021-04-15;15:00:00;253.66;G
2021-04-15;16:00:00;252.37;G
2021-04-15;17:00:00;248.46;G
2021-04-15;18:00:00;244.69;G
2021-04-15;19:00:00;238.40;G
2021-04-15;20:00:00;234.76;G
2021-04-15;21:00:00;233.34;G
2021-04-15;22:00:00;232.96;G
2021-04-15;23:00:00;232.85;G
2021-04-16;00:00:00;233.17;G
2021-04-16;01:00:00;232.14;G
2021-04-16;02:00:00;231.12;G
2021-04-16;03:00:00;230.27;G
2021-04-16;04:00:00;229.74;G
2021-04-16;05:00:00;229.88;G
2021-04-16;06:00:00;234.33;G
2021-04-16;07:00:00;238.09;G
2021-04-16;08:00:00;241.72;G
2021-04-16;09:00:00;248.22;G
2021-04-16;10:00:00;283.22;G
2021-04-16;11:00:00;277.70;G
2021-04-16;12:00:00;300.70;G
2021-04-16;13:00:00;328.97;G
2021-04-16;14:00:00;323.11;G
2021-04-16;15:00:00;311.09;G
2021-04-16;16:00:00;321.81;G
2021-04-16;17:00:00;311.45;G
2021-04-16;18:00:00;296.67;G
2021-04-16;19:00:00;306.89;G
2021-04-16;20:00:00;311.28;G
2021-04-16;21:00:00;288.09;G
2021-04-16;22:00:00;311.11;G
2021-04-16;23:00:00;289.11;G
2021-04-17;00:00:00;319.70;G
2021-04-17;01:00:00;322.66;G
2021-04-17;02:00:00;319.23;G
2021-04-17;03:00:00;319.70;G
2021-04-17;04:00:00;293.97;G
2021-04-17;05:00:00;276.82;G
2021-04-17;06:00:00;287.98;G
2021-04-17;07:00:00;311.16;G
2021-04-17;08:00:00;288.52;G
2021-04-17;09:00:00;289.88;G
2021-04-17;10:00:00;300.20;G
2021-04-17;11:00:00;322.80;G
2021-04-17;12:00:00;306.89;G
2021-04-17;13:00:00;292.59;G
2021-04-17;14:00:00;291.46;G
2021-04-17;15:00:00;294.38;G
2021-04-17;16:00:00;287.13;G
2021-04-17;17:00:00;280.97;G
2021-04-17;18:00:00;274.19;G
2021-04-17;19:00:00;272.89;G
2021-04-17;20:00:00;265.69;G
2021-04-17;21:00:00;265.57;G
2021-04-17;22:00:00;262.39;G
2021-04-17;23:00:00;262.27;G
2021-04-18;00:00:00;268.43;G
2021-04-18;01:00:00;286.34;G
2021-04-18;02:00:00;291.49;G
2021-04-18;03:00:00;272.24;G
2021-04-18;04:00:00;269.97;G
2021-04-18;05:00:00;266.71;G
2021-04-18;06:00:00;261.73;G
2021-04-18;07:00:00;264.65;G
2021-04-18;08:00:00;275.74;G
2021-04-18;09:00:00;284.07;G
2021-04-18;10:00:00;286.47;G
2021-04-18;11:00:00;287.92;G
2021-04-18;12:00:00;289.67;G
2021-04-18;13:00:00;290.68;G
2021-04-18;14:00:00;290.51;G
2021-04-18;15:00:00;289.77;G
2021-04-18;16:00:00;289.04;G
2021-04-18;17:00:00;286.64;G
2021-04-18;18:00:00;283.65;G
2021-04-18;19:00:00;279.16;G
2021-04-18;20:00:00;276.80;G
2021-04-18;21:00:00;270.54;G
2021-04-18;22:00:00;269.48;G
2021-04-18;23:00:00;269.03;G
2021-04-19;00:00:00;264.07;G
2021-04-19;01:00:00;257.39;G
2021-04-19;02:00:00;252.82;G
2021-04-19;03:00:00;250.79;G
2021-04-19;04:00:00;250.52;G
2021-04-19;05:00:00;246.59;G
2021-04-19;06:00:00;244.94;G
2021-04-19;07:00:00;247.76;G
2021-04-19;08:00:00;253.92;G
2021-04-19;09:00:00;262.13;G
2021-04-19;10:00:00;270.22;G
2021-04-19;11:00:00;273.69;G
2021-04-19;12:00:00;276.62;G
2021-04-19;13:00:00;278.24;G
2021-04-19;14:00:00;277.98;G
2021-04-19;15:00:00;276.62;G
2021-04-19;16:00:00;274.66;G
2021-04-19;17:00:00;270.26;G
2021-04-19;18:00:00;265.32;G
2021-04-19;19:00:00;259.51;G
2021-04-19;20:00:00;256.12;G
2021-04-19;21:00:00;253.86;G
2021-04-19;22:00:00;251.07;G
2021-04-19;23:00:00;248.48;G
2021-04-20;00:00:00;247.05;G
2021-04-20;01:00:00;245.39;G
2021-04-20;02:00:00;243.02;G
2021-04-20;03:00:00;243.38;G
2021-04-20;04:00:00;242.47;G
2021-04-20;05:00:00;243.51;G
2021-04-20;06:00:00;246.75;G
2021-04-20;07:00:00;252.80;G
2021-04-20;08:00:00;259.44;G
2021-04-20;09:00:00;266.31;G
2021-04-20;10:00:00;272.30;G
2021-04-20;11:00:00;277.30;G
2021-04-20;12:00:00;279.81;G
2021-04-20;13:00:00;280.89;G
2021-04-20;14:00:00;280.92;G
2021-04-20;15:00:00;280.77;G
2021-04-20;16:00:00;280.17;G
2021-04-20;17:00:00;278.89;G
2021-04-20;18:00:00;277.98;G
2021-04-20;19:00:00;277.97;G
2021-04-20;20:00:00;272.07;G
2021-04-20;21:00:00;265.28;G
2021-04-20;22:00:00;260.02;G
2021-04-20;23:00:00;256.71;G
2021-04-21;00:00:00;253.85;G
2021-04-21;01:00:00;250.30;G
2021-04-21;02:00:00;248.85;G
2021-04-21;03:00:00;249.73;G
2021-04-21;04:00:00;245.36;G
2021-04-21;05:00:00;252.08;G
2021-04-21;06:00:00;258.48;G
2021-04-21;07:00:00;291.30;G
2021-04-21;08:00:00;318.53;G
2021-04-21;09:00:00;295.85;G
2021-04-21;10:00:00;282.48;G
2021-04-21;11:00:00;283.90;G
2021-04-21;12:00:00;280.50;G
2021-04-21;13:00:00;279.97;G
2021-04-21;14:00:00;285.58;G
2021-04-21;15:00:00;293.51;G
2021-04-21;16:00:00;278.64;G
2021-04-21;17:00:00;262.87;G
2021-04-21;18:00:00;268.66;G
2021-04-21;19:00:00;281.34;G
2021-04-21;20:00:00;307.54;G
2021-04-21;21:00:00;304.86;G
2021-04-21;22:00:00;316.15;G
2021-04-21;23:00:00;320.37;G
2021-04-22;00:00:00;320.88;G
2021-04-22;01:00:00;314.57;G
2021-04-22;02:00:00;310.65;G
2021-04-22;03:00:00;314.98;G
2021-04-22;04:00:00;306.48;G
2021-04-22;05:00:00;310.76;G
2021-04-22;06:00:00;307.91;G
2021-04-22;07:00:00;307.33;G
2021-04-22;08:00:00;304.73;G
2021-04-22;09:00:00;304.51;G
2021-04-22;10:00:00;303.62;G
2021-04-22;11:00:00;301.08;G
2021-04-22;12:00:00;301.89;G
2021-04-22;13:00:00;308.05;G
2021-04-22;14:00:00;303.16;G
2021-04-22;15:00:00;278.00;G
2021-04-22;16:00:00;245.84;G
2021-04-22;17:00:00;243.87;G
2021-04-22;18:00:00;243.20;G
2021-04-22;19:00:00;240.10;G
2021-04-22;20:00:00;237.04;G
2021-04-22;21:00:00;234.81;G
2021-04-22;22:00:00;262.37;G
2021-04-22;23:00:00;275.77;G
2021-04-23;00:00:00;248.45;G
2021-04-23;01:00:00;228.12;G
2021-04-23;02:00:00;236.85;G
2021-04-23;03:00:00;259.88;G
2021-04-23;04:00:00;225.90;G
2021-04-23;05:00:00;221.84;G
2021-04-23;06:00:00;223.23;G
2021-04-23;07:00:00;225.77;G
2021-04-23;08:00:00;230.01;G
2021-04-23;09:00:00;235.42;G
2021-04-23;10:00:00;242.46;G
2021-04-23;11:00:00;267.30;G
2021-04-23;12:00:00;247.16;G
2021-04-23;13:00:00;240.69;G
2021-04-23;14:00:00;239.35;G
2021-04-23;15:00:00;241.12;G
2021-04-23;16:00:00;243.74;G
2021-04-23;17:00:00;236.66;G
2021-04-23;18:00:00;235.69;G
2021-04-23;19:00:00;242.06;G
2021-04-23;20:00:00;236.81;G
2021-04-23;21:00:00;248.49;G
2021-04-23;22:00:00;248.27;G
2021-04-23;23:00:00;256.08;G
2021-04-24;00:00:00;277.74;G
2021-04-24;01:00:00;228.95;G
2021-04-24;02:00:00;224.55;G
2021-04-24;03:00:00;221.15;G
2021-04-24;04:00:00;217.68;G
2021-04-24;05:00:00;216.85;G
2021-04-24;06:00:00;219.87;G
2021-04-24;07:00:00;223.25;G
2021-04-24;08:00:00;226.92;G
2021-04-24;09:00:00;229.75;G
2021-04-24;10:00:00;241.51;G
2021-04-24;11:00:00;248.44;G
2021-04-24;12:00:00;268.53;G
2021-04-24;13:00:00;281.15;G
2021-04-24;14:00:00;274.65;G
2021-04-24;15:00:00;270.10;G
2021-04-24;16:00:00;251.57;G
2021-04-24;17:00:00;245.39;G
2021-04-24;18:00:00;230.38;G
2021-04-24;19:00:00;230.89;G
2021-04-24;20:00:00;228.36;G
2021-04-24;21:00:00;225.89;G
2021-04-24;22:00:00;225.30;G
2021-04-24;23:00:00;223.37;G
2021-04-25;00:00:00;222.37;G
2021-04-25;01:00:00;221.43;G
2021-04-25;02:00:00;219.67;G
2021-04-25;03:00:00;218.62;G
2021-04-25;04:00:00;217.30;G
2021-04-25;05:00:00;217.57;G
2021-04-25;06:00:00;219.97;G
2021-04-25;07:00:00;224.01;G
2021-04-25;08:00:00;239.08;G
2021-04-25;09:00:00;282.03;G
2021-04-25;10:00:00;285.43;G
2021-04-25;11:00:00;284.65;G
2021-04-25;12:00:00;275.66;G
2021-04-25;13:00:00;283.30;G
2021-04-25;14:00:00;286.59;G
2021-04-25;15:00:00;275.43;G
2021-04-25;16:00:00;275.42;G
2021-04-25;17:00:00;280.74;G
2021-04-25;18:00:00;249.42;G
2021-04-25;19:00:00;250.40;G
2021-04-25;20:00:00;244.02;G
2021-04-25;21:00:00;228.92;G
2021-04-25;22:00:00;241.64;G
2021-04-25;23:00:00;232.39;G
2021-04-26;00:00:00;222.76;G
2021-04-26;01:00:00;221.34;G
2021-04-26;02:00:00;220.67;G
2021-04-26;03:00:00;219.16;G
2021-04-26;04:00:00;217.98;G
2021-04-26;05:00:00;218.56;G
2021-04-26;06:00:00;222.32;G
2021-04-26;07:00:00;227.44;G
2021-04-26;08:00:00;233.25;G
2021-04-26;09:00:00;248.70;G
2021-04-26;10:00:00;258.39;G
2021-04-26;11:00:00;268.97;G
2021-04-26;12:00:00;265.39;G
2021-04-26;13:00:00;261.65;G
2021-04-26;14:00:00;258.31;G
2021-04-26;15:00:00;257.41;G
2021-04-26;16:00:00;259.21;G
2021-04-26;17:00:00;246.74;G
2021-04-26;18:00:00;250.30;G
2021-04-26;19:00:00;243.08;G
2021-04-26;20:00:00;240.64;G
2021-04-26;21:00:00;239.42;G
2021-04-26;22:00:00;237.75;G
2021-04-26;23:00:00;235.14;G
2021-04-27;00:00:00;233.73;G
2021-04-27;01:00:00;244.38;G
2021-04-27;02:00:00;255.62;G
2021-04-27;03:00:00;235.20;G
2021-04-27;04:00:00;243.50;G
2021-04-27;05:00:00;230.52;G
2021-04-27;06:00:00;236.48;G
2021-04-27;07:00:00;240.48;G
2021-04-27;08:00:00;244.05;G
2021-04-27;09:00:00;262.02;G
2021-04-27;10:00:00;249.81;G
2021-04-27;11:00:00;253.60;G
2021-04-27;12:00:00;265.71;G
2021-04-27;13:00:00;270.58;G
2021-04-27;14:00:00;273.29;G
2021-04-27;15:00:00;311.06;G
2021-04-27;16:00:00;322.73;G
2021-04-27;17:00:00;322.48;G
2021-04-27;18:00:00;311.14;G
2021-04-27;19:00:00;314.63;G
2021-04-27;20:00:00;312.26;G
2021-04-27;21:00:00;297.11;G
2021-04-27;22:00:00;287.19;G
2021-04-27;23:00:00;302.22;G
2021-04-28;00:00:00;306.01;G
2021-04-28;01:00:00;305.23;G
2021-04-28;02:00:00;303.79;G
2021-04-28;03:00:00;297.17;G
2021-04-28;04:00:00;298.72;G
2021-04-28;05:00:00;287.97;G
2021-04-28;06:00:00;273.90;G
2021-04-28;07:00:00;285.61;G
2021-04-28;08:00:00;258.17;G
2021-04-28;09:00:00;262.90;G
2021-04-28;10:00:00;273.84;G
2021-04-28;11:00:00;279.53;G
2021-04-28;12:00:00;287.61;G
2021-04-28;13:00:00;316.55;G
2021-04-28;14:00:00;328.86;G
2021-04-28;15:00:00;323.98;G
2021-04-28;16:00:00;318.64;G
2021-04-28;17:00:00;286.44;G
2021-04-28;18:00:00;281.68;G
2021-04-28;19:00:00;261.39;G
2021-04-28;20:00:00;252.57;G
2021-04-28;21:00:00;247.83;G
2021-04-28;22:00:00;244.26;G
2021-04-28;23:00:00;241.67;G
2021-04-29;00:00:00;238.50;G
2021-04-29;01:00:00;236.01;G
2021-04-29;02:00:00;243.53;G
2021-04-29;03:00:00;256.07;G
2021-04-29;04:00:00;278.18;G
2021-04-29;05:00:00;244.12;G
2021-04-29;06:00:00;240.61;G
2021-04-29;07:00:00;245.95;G
2021-04-29;08:00:00;253.14;G
2021-04-29;09:00:00;262.03;G
2021-04-29;10:00:00;275.47;G
2021-04-29;11:00:00;320.55;G
2021-04-29;12:00:00;313.93;G
2021-04-29;13:00:00;310.84;G
2021-04-29;14:00:00;314.24;G
2021-04-29;15:00:00;323.66;G
2021-04-29;16:00:00;326.30;G
2021-04-29;17:00:00;325.48;G
2021-04-29;18:00:00;321.77;G
2021-04-29;19:00:00;317.44;G
2021-04-29;20:00:00;313.56;G
2021-04-29;21:00:00;306.14;G
2021-04-29;22:00:00;286.74;G
2021-04-29;23:00:00;278.26;G
2021-04-30;00:00:00;286.35;G
2021-04-30;01:00:00;297.05;G
2021-04-30;02:00:00;301.33;G
2021-04-30;03:00:00;283.43;G
2021-04-30;04:00:00;287.59;G
2021-04-30;05:00:00;289.00;G
2021-04-30;06:00:00;261.23;G
2021-04-30;07:00:00;244.85;G
2021-04-30;08:00:00;248.01;G
2021-04-30;09:00:00;251.92;G
2021-04-30;10:00:00;255.08;G
2021-04-30;11:00:00;265.16;G
2021-04-30;12:00:00;275.72;G
2021-04-30;13:00:00;276.76;G
2021-04-30;14:00:00;306.48;G
2021-04-30;15:00:00;308.06;G
2021-04-30;16:00:00;309.78;G
2021-04-30;17:00:00;297.36;G
2021-04-30;18:00:00;316.03;G
2021-04-30;19:00:00;318.82;G
2021-04-30;20:00:00;298.55;G
2021-04-30;21:00:00;285.22;G
2021-04-30;22:00:00;255.82;G
2021-04-30;23:00:00;266.50;G
2021-05-01;00:00:00;269.45;G
2021-05-01;01:00:00;271.69;G
2021-05-01;02:00:00;293.95;G
2021-05-01;03:00:00;297.73;G
2021-05-01;04:00:00;305.64;G
2021-05-01;05:00:00;297.89;G
2021-05-01;06:00:00;279.66;G
2021-05-01;07:00:00;308.51;G
2021-05-01;08:00:00;317.26;G
2021-05-01;09:00:00;308.80;G
2021-05-01;10:00:00;308.22;G
2021-05-01;11:00:00;326.61;G
2021-05-01;12:00:00;331.59;G
2021-05-01;13:00:00;331.48;G
2021-05-01;14:00:00;323.99;G
2021-05-01;15:00:00;322.22;G
2021-05-01;16:00:00;314.11;G
2021-05-01;17:00:00;296.12;G
2021-05-01;18:00:00;311.64;G
2021-05-01;19:00:00;296.13;G
2021-05-01;20:00:00;262.45;G
2021-05-01;21:00:00;275.05;G
2021-05-01;22:00:00;276.17;G
2021-05-01;23:00:00;262.97;G
2021-05-02;00:00:00;253.37;G
2021-05-02;01:00:00;246.60;G
2021-05-02;02:00:00;244.62;G
2021-05-02;03:00:00;244.25;G
2021-05-02;04:00:00;246.31;G
2021-05-02;05:00:00;260.03;G
2021-05-02;06:00:00;256.02;G
2021-05-02;07:00:00;266.29;G
2021-05-02;08:00:00;267.97;G
2021-05-02;09:00:00;273.45;G
2021-05-02;10:00:00;300.41;G
2021-05-02;11:00:00;335.04;G
2021-05-02;12:00:00;334.64;G
2021-05-02;13:00:00;322.69;G
2021-05-02;14:00:00;330.46;G
2021-05-02;15:00:00;313.73;G
2021-05-02;16:00:00;321.80;G
2021-05-02;17:00:00;328.29;G
2021-05-02;18:00:00;321.16;G
2021-05-02;19:00:00;330.75;G
2021-05-02;20:00:00;338.65;G
2021-05-02;21:00:00;335.11;G
2021-05-02;22:00:00;329.56;G
2021-05-02;23:00:00;320.77;G
2021-05-03;00:00:00;305.30;G
2021-05-03;01:00:00;295.45;G
2021-05-03;02:00:00;303.56;G
2021-05-03;03:00:00;304.03;G
2021-05-03;04:00:00;301.78;G
2021-05-03;05:00:00;312.93;G
2021-05-03;06:00:00;312.82;G
2021-05-03;07:00:00;305.31;G
2021-05-03;08:00:00;319.53;G
2021-05-03;09:00:00;319.57;G
2021-05-03;10:00:00;301.49;G
2021-05-03;11:00:00;304.10;G
2021-05-03;12:00:00;323.42;G
2021-05-03;13:00:00;322.29;G
2021-05-03;14:00:00;314.05;G
2021-05-03;15:00:00;323.41;G
2021-05-03;16:00:00;316.27;G
2021-05-03;17:00:00;295.83;G
2021-05-03;18:00:00;320.19;G
2021-05-03;19:00:00;299.31;G
2021-05-03;20:00:00;282.80;G
2021-05-03;21:00:00;248.09;G
2021-05-03;22:00:00;244.28;G
2021-05-03;23:00:00;242.23;G
2021-05-04;00:00:00;242.32;G
2021-05-04;01:00:00;251.90;G
2021-05-04;02:00:00;261.41;G
2021-05-04;03:00:00;264.70;G
2021-05-04;04:00:00;280.41;G
2021-05-04;05:00:00;288.97;G
2021-05-04;06:00:00;311.12;G
2021-05-04;07:00:00;325.38;G
2021-05-04;08:00:00;329.91;G
2021-05-04;09:00:00;335.72;G
2021-05-04;10:00:00;336.75;G
2021-05-04;11:00:00;336.78;G
2021-05-04;12:00:00;337.20;G
2021-05-04;13:00:00;335.35;G
2021-05-04;14:00:00;335.16;G
2021-05-04;15:00:00;335.23;G
2021-05-04;16:00:00;336.65;G
2021-05-04;17:00:00;336.59;G
2021-05-04;18:00:00;337.20;G
2021-05-04;19:00:00;340.26;G
2021-05-04;20:00:00;341.05;G
2021-05-04;21:00:00;339.07;G
2021-05-04;22:00:00;340.13;G
2021-05-04;23:00:00;333.64;G
2021-05-05;00:00:00;332.22;G
2021-05-05;01:00:00;334.35;G
2021-05-05;02:00:00;315.51;G
2021-05-05;03:00:00;336.29;G
2021-05-05;04:00:00;332.90;G
2021-05-05;05:00:00;337.13;G
2021-05-05;06:00:00;338.27;G
2021-05-05;07:00:00;337.54;G
2021-05-05;08:00:00;337.05;G
2021-05-05;09:00:00;339.31;G
2021-05-05;10:00:00;339.16;G
2021-05-05;11:00:00;339.34;G
2021-05-05;12:00:00;337.83;G
2021-05-05;13:00:00;334.31;G
2021-05-05;14:00:00;335.10;G
2021-05-05;15:00:00;337.40;G
2021-05-05;16:00:00;330.99;G
2021-05-05;17:00:00;327.39;G
2021-05-05;18:00:00;327.72;G
2021-05-05;19:00:00;328.29;G
2021-05-05;20:00:00;333.13;G
2021-05-05;21:00:00;332.66;G
2021-05-05;22:00:00;314.75;G
2021-05-05;23:00:00;298.94;G
2021-05-06;00:00:00;304.26;G
2021-05-06;01:00:00;324.86;G
2021-05-06;02:00:00;333.62;G
2021-05-06;03:00:00;336.30;G
2021-05-06;04:00:00;336.00;G
2021-05-06;05:00:00;339.14;G
2021-05-06;06:00:00;335.53;G
2021-05-06;07:00:00;332.90;G
2021-05-06;08:00:00;330.73;G
2021-05-06;09:00:00;329.08;G
2021-05-06;10:00:00;330.99;G
2021-05-06;11:00:00;326.21;G
2021-05-06;12:00:00;331.95;G
2021-05-06;13:00:00;332.63;G
2021-05-06;14:00:00;332.99;G
2021-05-06;15:00:00;331.55;G
2021-05-06;16:00:00;330.16;G
2021-05-06;17:00:00;329.07;G
2021-05-06;18:00:00;329.35;G
2021-05-06;19:00:00;324.41;G
2021-05-06;20:00:00;327.40;G
2021-05-06;21:00:00;323.98;G
2021-05-06;22:00:00;316.36;G
2021-05-06;23:00:00;310.57;G
2021-05-07;00:00:00;319.78;G
2021-05-07;01:00:00;322.46;G
2021-05-07;02:00:00;322.92;G
2021-05-07;03:00:00;321.86;G
2021-05-07;04:00:00;305.15;G
2021-05-07;05:00:00;291.85;G
2021-05-07;06:00:00;303.98;G
2021-05-07;07:00:00;298.27;G
2021-05-07;08:00:00;299.40;G
2021-05-07;09:00:00;293.57;G
2021-05-07;10:00:00;285.02;G
2021-05-07;11:00:00;296.50;G
2021-05-07;12:00:00;309.84;G
2021-05-07;13:00:00;305.12;G
2021-05-07;14:00:00;288.86;G
2021-05-07;15:00:00;296.84;G
2021-05-07;16:00:00;314.98;G
2021-05-07;17:00:00;274.12;G
2021-05-07;18:00:00;305.92;G
2021-05-07;19:00:00;281.50;G
2021-05-07;20:00:00;303.73;G
2021-05-07;21:00:00;293.07;G
2021-05-07;22:00:00;277.44;G
2021-05-07;23:00:00;247.92;G
2021-05-08;00:00:00;245.36;G
2021-05-08;01:00:00;244.96;G
2021-05-08;02:00:00;257.23;G
2021-05-08;03:00:00;250.89;G
2021-05-08;04:00:00;246.12;G
2021-05-08;05:00:00;272.61;G
2021-05-08;06:00:00;275.35;G
2021-05-08;07:00:00;292.15;G
2021-05-08;08:00:00;287.77;G
2021-05-08;09:00:00;313.71;G
2021-05-08;10:00:00;308.87;G
2021-05-08;11:00:00;284.82;G
2021-05-08;12:00:00;297.75;G
2021-05-08;13:00:00;291.83;G
2021-05-08;14:00:00;290.46;G
2021-05-08;15:00:00;278.52;G
2021-05-08;16:00:00;272.35;G
2021-05-08;17:00:00;259.93;G
2021-05-08;18:00:00;254.59;G
2021-05-08;19:00:00;257.84;G
2021-05-08;20:00:00;269.20;G
2021-05-08;21:00:00;293.90;G
2021-05-08;22:00:00;285.87;G
2021-05-08;23:00:00;279.77;G
2021-05-09;00:00:00;286.25;G
2021-05-09;01:00:00;289.19;G
2021-05-09;02:00:00;306.21;G
2021-05-09;03:00:00;313.63;G
2021-05-09;04:00:00;320.46;G
2021-05-09;05:00:00;328.11;G
2021-05-09;06:00:00;332.46;G
2021-05-09;07:00:00;335.95;G
2021-05-09;08:00:00;341.47;G
2021-05-09;09:00:00;344.30;G
2021-05-09;10:00:00;344.86;G
2021-05-09;11:00:00;347.00;G
2021-05-09;12:00:00;344.16;G
2021-05-09;13:00:00;323.70;G
2021-05-09;14:00:00;312.34;G
2021-05-09;15:00:00;324.80;G
2021-05-09;16:00:00;330.65;G
2021-05-09;17:00:00;317.76;G
2021-05-09;18:00:00;311.26;G
2021-05-09;19:00:00;312.51;G
2021-05-09;20:00:00;316.71;G
2021-05-09;21:00:00;356.78;G
2021-05-09;22:00:00;355.69;G
2021-05-09;23:00:00;345.65;G
2021-05-10;00:00:00;347.56;G
2021-05-10;01:00:00;333.02;G
2021-05-10;02:00:00;323.01;G
2021-05-10;03:00:00;321.21;G
2021-05-10;04:00:00;324.48;G
2021-05-10;05:00:00;331.76;G
2021-05-10;06:00:00;324.87;G
2021-05-10;07:00:00;321.62;G
2021-05-10;08:00:00;331.51;G
2021-05-10;09:00:00;329.04;G
2021-05-10;10:00:00;344.40;G
2021-05-10;11:00:00;351.99;G
2021-05-10;12:00:00;356.17;G
2021-05-10;13:00:00;367.23;G
2021-05-10;14:00:00;355.29;G
2021-05-10;15:00:00;367.08;G
2021-05-10;16:00:00;346.50;G
2021-05-10;17:00:00;333.62;G
2021-05-10;18:00:00;333.55;G
2021-05-10;19:00:00;328.98;G
2021-05-10;20:00:00;318.61;G
2021-05-10;21:00:00;321.68;G
2021-05-10;22:00:00;316.76;G
2021-05-10;23:00:00;318.34;G
2021-05-11;00:00:00;319.54;G
2021-05-11;01:00:00;346.25;G
2021-05-11;02:00:00;342.02;G
2021-05-11;03:00:00;342.78;G
2021-05-11;04:00:00;319.65;G
2021-05-11;05:00:00;338.55;G
2021-05-11;06:00:00;336.68;G
2021-05-11;07:00:00;352.03;G
2021-05-11;08:00:00;341.73;G
2021-05-11;09:00:00;336.71;G
2021-05-11;10:00:00;351.77;G
2021-05-11;11:00:00;365.20;G
2021-05-11;12:00:00;368.37;G
2021-05-11;13:00:00;367.46;G
2021-05-11;14:00:00;368.18;G
2021-05-11;15:00:00;355.72;G
2021-05-11;16:00:00;348.84;G
2021-05-11;17:00:00;341.40;G
2021-05-11;18:00:00;341.53;G
2021-05-11;19:00:00;338.33;G
2021-05-11;20:00:00;330.36;G
2021-05-11;21:00:00;325.01;G
2021-05-11;22:00:00;320.89;G
2021-05-11;23:00:00;315.59;G
2021-05-12;00:00:00;313.26;G
2021-05-12;01:00:00;311.79;G
2021-05-12;02:00:00;310.27;G
2021-05-12;03:00:00;309.95;G
2021-05-12;04:00:00;305.90;G
2021-05-12;05:00:00;311.43;G
2021-05-12;06:00:00;315.40;G
2021-05-12;07:00:00;318.50;G
2021-05-12;08:00:00;324.92;G
2021-05-12;09:00:00;333.77;G
2021-05-12;10:00:00;345.87;G
2021-05-12;11:00:00;355.89;G
2021-05-12;12:00:00;360.00;G
2021-05-12;13:00:00;366.95;G
2021-05-12;14:00:00;356.79;G
2021-05-12;15:00:00;350.88;G
2021-05-12;16:00:00;351.51;G
2021-05-12;17:00:00;347.16;G
2021-05-12;18:00:00;341.06;G
2021-05-12;19:00:00;334.49;G
2021-05-12;20:00:00;328.81;G
2021-05-12;21:00:00;322.51;G
2021-05-12;22:00:00;318.35;G
2021-05-12;23:00:00;315.33;G
2021-05-13;00:00:00;313.21;G
2021-05-13;01:00:00;311.34;G
2021-05-13;02:00:00;307.84;G
2021-05-13;03:00:00;307.27;G
2021-05-13;04:00:00;308.35;G
2021-05-13;05:00:00;309.55;G
2021-05-13;06:00:00;314.86;G
2021-05-13;07:00:00;329.05;G
2021-05-13;08:00:00;325.76;G
2021-05-13;09:00:00;330.63;G
2021-05-13;10:00:00;337.81;G
2021-05-13;11:00:00;340.82;G
2021-05-13;12:00:00;348.19;G
2021-05-13;13:00:00;360.91;G
2021-05-13;14:00:00;367.41;G
2021-05-13;15:00:00;329.78;G
2021-05-13;16:00:00;321.84;G
2021-05-13;17:00:00;320.53;G
2021-05-13;18:00:00;326.76;G
2021-05-13;19:00:00;353.38;G
2021-05-13;20:00:00;323.10;G
2021-05-13;21:00:00;311.00;G
2021-05-13;22:00:00;301.70;G
2021-05-13;23:00:00;293.06;G
2021-05-14;00:00:00;295.15;G
2021-05-14;01:00:00;303.54;G
2021-05-14;02:00:00;290.03;G
2021-05-14;03:00:00;289.16;G
2021-05-14;04:00:00;307.11;G
2021-05-14;05:00:00;297.86;G
2021-05-14;06:00:00;296.02;G
2021-05-14;07:00:00;299.55;G
2021-05-14;08:00:00;309.33;G
2021-05-14;09:00:00;318.12;G
2021-05-14;10:00:00;326.32;G
2021-05-14;11:00:00;332.51;G
2021-05-14;12:00:00;353.89;G
2021-05-14;13:00:00;350.77;G
2021-05-14;14:00:00;353.06;G
2021-05-14;15:00:00;356.33;G
2021-05-14;16:00:00;360.42;G
2021-05-14;17:00:00;352.79;G
2021-05-14;18:00:00;349.57;G
2021-05-14;19:00:00;357.75;G
2021-05-14;20:00:00;357.57;G
2021-05-14;21:00:00;355.66;G
2021-05-14;22:00:00;357.27;G
2021-05-14;23:00:00;354.77;G
2021-05-15;00:00:00;350.76;G
2021-05-15;01:00:00;351.64;G
2021-05-15;02:00:00;350.11;G
2021-05-15;03:00:00;347.57;G
2021-05-15;04:00:00;345.37;G
2021-05-15;05:00:00;344.84;G
2021-05-15;06:00:00;346.28;G
2021-05-15;07:00:00;348.82;G
2021-05-15;08:00:00;352.84;G
2021-05-15;09:00:00;354.16;G
2021-05-15;10:00:00;357.35;G
2021-05-15;11:00:00;360.00;G
2021-05-15;12:00:00;359.71;G
2021-05-15;13:00:00;362.73;G
2021-05-15;14:00:00;358.65;G
2021-05-15;15:00:00;352.75;G
2021-05-15;16:00:00;351.90;G
2021-05-15;17:00:00;330.39;G
2021-05-15;18:00:00;333.55;G
2021-05-15;19:00:00;289.69;G
2021-05-15;20:00:00;310.99;G
2021-05-15;21:00:00;286.73;G
2021-05-15;22:00:00;290.24;G
2021-05-15;23:00:00;298.27;G
2021-05-16;00:00:00;287.32;G
2021-05-16;01:00:00;324.71;G
2021-05-16;02:00:00;342.34;G
2021-05-16;03:00:00;343.28;G
2021-05-16;04:00:00;334.30;G
2021-05-16;05:00:00;332.79;G
2021-05-16;06:00:00;328.51;G
2021-05-16;07:00:00;337.58;G
2021-05-16;08:00:00;348.03;G
2021-05-16;09:00:00;349.72;G
2021-05-16;10:00:00;346.24;G
2021-05-16;11:00:00;347.09;G
2021-05-16;12:00:00;351.98;G
2021-05-16;13:00:00;325.96;G
2021-05-16;14:00:00;332.77;G
2021-05-16;15:00:00;323.39;G
2021-05-16;16:00:00;331.61;G
2021-05-16;17:00:00;328.23;G
2021-05-16;18:00:00;304.85;G
2021-05-16;19:00:00;314.56;G
2021-05-16;20:00:00;308.90;G
2021-05-16;21:00:00;336.40;G
2021-05-16;22:00:00;351.85;G
2021-05-16;23:00:00;350.47;G
2021-05-17;00:00:00;331.40;G
2021-05-17;01:00:00;347.20;G
2021-05-17;02:00:00;345.51;G
2021-05-17;03:00:00;352.09;G
2021-05-17;04:00:00;354.39;G
2021-05-17;05:00:00;349.76;G
2021-05-17;06:00:00;348.66;G
2021-05-17;07:00:00;353.79;G
2021-05-17;08:00:00;347.84;G
2021-05-17;09:00:00;354.07;G
2021-05-17;10:00:00;344.42;G
2021-05-17;11:00:00;326.75;G
2021-05-17;12:00:00;329.51;G
2021-05-17;13:00:00;334.72;G
2021-05-17;14:00:00;317.51;G
2021-05-17;15:00:00;315.34;G
2021-05-17;16:00:00;322.64;G
2021-05-17;17:00:00;324.41;G
2021-05-17;18:00:00;305.76;G
2021-05-17;19:00:00;313.23;G
2021-05-17;20:00:00;319.95;G
2021-05-17;21:00:00;331.31;G
2021-05-17;22:00:00;310.71;G
2021-05-17;23:00:00;278.24;G
2021-05-18;00:00:00;276.21;G
2021-05-18;01:00:00;275.63;G
2021-05-18;02:00:00;277.24;G
2021-05-18;03:00:00;270.39;G
2021-05-18;04:00:00;269.14;G
2021-05-18;05:00:00;271.25;G
2021-05-18;06:00:00;282.49;G
2021-05-18;07:00:00;290.68;G
2021-05-18;08:00:00;312.94;G
2021-05-18;09:00:00;340.32;G
2021-05-18;10:00:00;347.24;G
2021-05-18;11:00:00;338.16;G
2021-05-18;12:00:00;344.34;G
2021-05-18;13:00:00;339.55;G
2021-05-18;14:00:00;348.04;G
2021-05-18;15:00:00;325.55;G
2021-05-18;16:00:00;345.58;G
2021-05-18;17:00:00;354.31;G
2021-05-18;18:00:00;332.16;G
2021-05-18;19:00:00;301.16;G
2021-05-18;20:00:00;296.91;G
2021-05-18;21:00:00;294.61;G
2021-05-18;22:00:00;312.83;G
2021-05-18;23:00:00;320.94;G
2021-05-19;00:00:00;315.41;G
2021-05-19;01:00:00;285.92;G
2021-05-19;02:00:00;280.00;G
2021-05-19;03:00:00;295.92;G
2021-05-19;04:00:00;318.29;G
2021-05-19;05:00:00;316.69;G
2021-05-19;06:00:00;289.86;G
2021-05-19;07:00:00;270.92;G
2021-05-19;08:00:00;274.12;G
2021-05-19;09:00:00;278.25;G
2021-05-19;10:00:00;287.78;G
2021-05-19;11:00:00;311.23;G
2021-05-19;12:00:00;304.50;G
2021-05-19;13:00:00;317.03;G
2021-05-19;14:00:00;312.86;G
2021-05-19;15:00:00;292.56;G
2021-05-19;16:00:00;284.09;G
2021-05-19;17:00:00;280.32;G
2021-05-19;18:00:00;276.82;G
2021-05-19;19:00:00;274.08;G
2021-05-19;20:00:00;271.29;G
2021-05-19;21:00:00;267.95;G
2021-05-19;22:00:00;266.83;G
2021-05-19;23:00:00;265.82;G
2021-05-20;00:00:00;268.13;G
2021-05-20;01:00:00;263.84;G
2021-05-20;02:00:00;261.46;G
2021-05-20;03:00:00;271.85;G
2021-05-20;04:00:00;272.15;G
2021-05-20;05:00:00;284.58;G
2021-05-20;06:00:00;273.69;G
2021-05-20;07:00:00;289.10;G
2021-05-20;08:00:00;321.32;G
2021-05-20;09:00:00;323.02;G
2021-05-20;10:00:00;339.20;G
2021-05-20;11:00:00;329.85;G
2021-05-20;12:00:00;326.51;G
2021-05-20;13:00:00;327.84;G
2021-05-20;14:00:00;328.47;G
2021-05-20;15:00:00;332.34;G
2021-05-20;16:00:00;332.51;G
2021-05-20;17:00:00;333.80;G
2021-05-20;18:00:00;336.31;G
2021-05-20;19:00:00;334.23;G
2021-05-20;20:00:00;328.52;G
2021-05-20;21:00:00;315.35;G
2021-05-20;22:00:00;300.05;G
2021-05-20;23:00:00;296.75;G
2021-05-21;00:00:00;259.04;G
2021-05-21;01:00:00;250.41;G
2021-05-21;02:00:00;249.17;G
2021-05-21;03:00:00;259.09;G
2021-05-21;04:00:00;261.43;G
2021-05-21;05:00:00;269.90;G
2021-05-21;06:00:00;282.14;G
2021-05-21;07:00:00;282.84;G
2021-05-21;08:00:00;331.92;G
2021-05-21;09:00:00;324.34;G
2021-05-21;10:00:00;344.58;G
2021-05-21;11:00:00;346.00;G
2021-05-21;12:00:00;347.40;G
2021-05-21;13:00:00;344.00;G
2021-05-21;14:00:00;325.40;G
2021-05-21;15:00:00;326.35;G
2021-05-21;16:00:00;346.21;G
2021-05-21;17:00:00;340.34;G
2021-05-21;18:00:00;308.52;G
2021-05-21;19:00:00;307.02;G
2021-05-21;20:00:00;296.09;G
2021-05-21;21:00:00;340.44;G
2021-05-21;22:00:00;332.33;G
2021-05-21;23:00:00;323.53;G
2021-05-22;00:00:00;293.28;G
2021-05-22;01:00:00;321.03;G
2021-05-22;02:00:00;295.59;G
2021-05-22;03:00:00;287.03;G
2021-05-22;04:00:00;303.54;G
2021-05-22;05:00:00;332.61;G
2021-05-22;06:00:00;335.55;G
2021-05-22;07:00:00;289.67;G
2021-05-22;08:00:00;290.05;G
2021-05-22;09:00:00;303.55;G
2021-05-22;10:00:00;320.30;G
2021-05-22;11:00:00;334.97;G
2021-05-22;12:00:00;332.11;G
2021-05-22;13:00:00;323.21;G
2021-05-22;14:00:00;331.49;G
2021-05-22;15:00:00;315.12;G
2021-05-22;16:00:00;325.00;G
2021-05-22;17:00:00;332.35;G
2021-05-22;18:00:00;312.89;G
2021-05-22;19:00:00;294.26;G
2021-05-22;20:00:00;331.62;G
2021-05-22;21:00:00;337.16;G
2021-05-22;22:00:00;304.83;G
2021-05-22;23:00:00;327.83;G
2021-05-23;00:00:00;349.06;G
2021-05-23;01:00:00;348.97;G
2021-05-23;02:00:00;346.52;G
2021-05-23;03:00:00;346.90;G
2021-05-23;04:00:00;343.84;G
2021-05-23;05:00:00;341.97;G
2021-05-23;06:00:00;345.61;G
2021-05-23;07:00:00;354.94;G
2021-05-23;08:00:00;354.90;G
2021-05-23;09:00:00;351.26;G
2021-05-23;10:00:00;345.67;G
2021-05-23;11:00:00;346.20;G
2021-05-23;12:00:00;350.52;G
2021-05-23;13:00:00;349.66;G
2021-05-23;14:00:00;346.71;G
2021-05-23;15:00:00;346.46;G
2021-05-23;16:00:00;348.37;G
2021-05-23;17:00:00;345.52;G
2021-05-23;18:00:00;344.76;G
2021-05-23;19:00:00;345.27;G
2021-05-23;20:00:00;347.12;G
2021-05-23;21:00:00;347.41;G
2021-05-23;22:00:00;344.73;G
2021-05-23;23:00:00;339.99;G
2021-05-24;00:00:00;337.09;G
2021-05-24;01:00:00;316.61;G
2021-05-24;02:00:00;257.35;G
2021-05-24;03:00:00;253.09;G
2021-05-24;04:00:00;252.47;G
2021-05-24;05:00:00;260.79;G
2021-05-24;06:00:00;274.33;G
2021-05-24;07:00:00;290.03;G
2021-05-24;08:00:00;308.33;G
2021-05-24;09:00:00;309.62;G
2021-05-24;10:00:00;313.79;G
2021-05-24;11:00:00;319.26;G
2021-05-24;12:00:00;311.97;G
2021-05-24;13:00:00;336.62;G
2021-05-24;14:00:00;341.55;G
2021-05-24;15:00:00;351.79;G
2021-05-24;16:00:00;355.22;G
2021-05-24;17:00:00;322.82;G
2021-05-24;18:00:00;290.16;G
2021-05-24;19:00:00;284.84;G
2021-05-24;20:00:00;282.52;G
2021-05-24;21:00:00;278.66;G
2021-05-24;22:00:00;274.63;G
2021-05-24;23:00:00;275.33;G
2021-05-25;00:00:00;317.61;G
2021-05-25;01:00:00;339.75;G
2021-05-25;02:00:00;338.65;G
2021-05-25;03:00:00;337.23;G
2021-05-25;04:00:00;302.02;G
2021-05-25;05:00:00;294.32;G
2021-05-25;06:00:00;323.47;G
2021-05-25;07:00:00;345.81;G
2021-05-25;08:00:00;342.87;G
2021-05-25;09:00:00;343.67;G
2021-05-25;10:00:00;358.72;G
2021-05-25;11:00:00;357.20;G
2021-05-25;12:00:00;357.42;G
2021-05-25;13:00:00;360.51;G
2021-05-25;14:00:00;363.01;G
2021-05-25;15:00:00;363.12;G
2021-05-25;16:00:00;363.36;G
2021-05-25;17:00:00;364.34;G
2021-05-25;18:00:00;361.93;G
2021-05-25;19:00:00;360.31;G
2021-05-25;20:00:00;357.06;G
2021-05-25;21:00:00;348.74;G
2021-05-25;22:00:00;334.07;G
2021-05-25;23:00:00;336.09;G
2021-05-26;00:00:00;317.73;G
2021-05-26;01:00:00;328.64;G
2021-05-26;02:00:00;333.22;G
2021-05-26;03:00:00;309.52;G
2021-05-26;04:00:00;342.79;G
2021-05-26;05:00:00;346.26;G
2021-05-26;06:00:00;328.03;G
2021-05-26;07:00:00;333.80;G
2021-05-26;08:00:00;344.64;G
2021-05-26;09:00:00;345.15;G
2021-05-26;10:00:00;345.96;G
2021-05-26;11:00:00;340.58;G
2021-05-26;12:00:00;340.60;G
2021-05-26;13:00:00;331.46;G
2021-05-26;14:00:00;342.46;G
2021-05-26;15:00:00;330.76;G
2021-05-26;16:00:00;312.52;G
2021-05-26;17:00:00;312.81;G
2021-05-26;18:00:00;275.05;G
2021-05-26;19:00:00;285.03;G
2021-05-26;20:00:00;301.24;G
2021-05-26;21:00:00;328.69;G
2021-05-26;22:00:00;323.52;G
2021-05-26;23:00:00;336.22;G
2021-05-27;00:00:00;316.99;G
2021-05-27;01:00:00;322.19;G
2021-05-27;02:00:00;312.28;G
2021-05-27;03:00:00;336.38;G
2021-05-27;04:00:00;336.81;G
2021-05-27;05:00:00;338.67;G
2021-05-27;06:00:00;338.50;G
2021-05-27;07:00:00;341.94;G
2021-05-27;08:00:00;346.00;G
2021-05-27;09:00:00;345.44;G
2021-05-27;10:00:00;344.80;G
2021-05-27;11:00:00;347.18;G
2021-05-27;12:00:00;342.62;G
2021-05-27;13:00:00;336.08;G
2021-05-27;14:00:00;336.23;G
2021-05-27;15:00:00;340.75;G
2021-05-27;16:00:00;312.31;G
2021-05-27;17:00:00;322.12;G
2021-05-27;18:00:00;326.08;G
2021-05-27;19:00:00;322.67;G
2021-05-27;20:00:00;316.28;G
2021-05-27;21:00:00;267.34;G
2021-05-27;22:00:00;261.38;G
2021-05-27;23:00:00;271.63;G
2021-05-28;00:00:00;300.04;G
2021-05-28;01:00:00;323.07;G
2021-05-28;02:00:00;315.47;G
2021-05-28;03:00:00;309.01;G
2021-05-28;04:00:00;313.84;G
2021-05-28;05:00:00;327.74;G
2021-05-28;06:00:00;328.63;G
2021-05-28;07:00:00;331.26;G
2021-05-28;08:00:00;327.40;G
2021-05-28;09:00:00;339.54;G
2021-05-28;10:00:00;336.62;G
2021-05-28;11:00:00;330.55;G
2021-05-28;12:00:00;332.93;G
2021-05-28;13:00:00;343.69;G
2021-05-28;14:00:00;337.65;G
2021-05-28;15:00:00;340.99;G
2021-05-28;16:00:00;348.62;G
2021-05-28;17:00:00;336.01;G
2021-05-28;18:00:00;299.05;G
2021-05-28;19:00:00;284.08;G
2021-05-28;20:00:00;278.78;G
2021-05-28;21:00:00;275.20;G
2021-05-28;22:00:00;271.02;G
2021-05-28;23:00:00;276.93;G
2021-05-29;00:00:00;301.25;G
2021-05-29;01:00:00;277.46;G
2021-05-29;02:00:00;282.05;G
2021-05-29;03:00:00;303.95;G
2021-05-29;04:00:00;320.83;G
2021-05-29;05:00:00;308.92;G
2021-05-29;06:00:00;279.07;G
2021-05-29;07:00:00;286.48;G
2021-05-29;08:00:00;302.80;G
2021-05-29;09:00:00;321.38;G
2021-05-29;10:00:00;315.47;G
2021-05-29;11:00:00;311.87;G
2021-05-29;12:00:00;318.03;G
2021-05-29;13:00:00;322.52;G
2021-05-29;14:00:00;315.89;G
2021-05-29;15:00:00;307.10;G
2021-05-29;16:00:00;304.31;G
2021-05-29;17:00:00;301.47;G
2021-05-29;18:00:00;300.83;G
2021-05-29;19:00:00;296.69;G
2021-05-29;20:00:00;289.32;G
2021-05-29;21:00:00;288.79;G
2021-05-29;22:00:00;285.25;G
2021-05-29;23:00:00;283.71;G
2021-05-30;00:00:00;279.97;G
2021-05-30;01:00:00;278.51;G
2021-05-30;02:00:00;274.99;G
2021-05-30;03:00:00;272.58;G
2021-05-30;04:00:00;272.08;G
2021-05-30;05:00:00;275.95;G
2021-05-30;06:00:00;284.51;G
2021-05-30;07:00:00;285.97;G
2021-05-30;08:00:00;290.82;G
2021-05-30;09:00:00;294.35;G
2021-05-30;10:00:00;299.30;G
2021-05-30;11:00:00;303.05;G
2021-05-30;12:00:00;307.00;G
2021-05-30;13:00:00;309.65;G
2021-05-30;14:00:00;311.44;G
2021-05-30;15:00:00;312.81;G
2021-05-30;16:00:00;314.26;G
2021-05-30;17:00:00;315.21;G
2021-05-30;18:00:00;309.46;G
2021-05-30;19:00:00;303.51;G
2021-05-30;20:00:00;296.23;G
2021-05-30;21:00:00;290.52;G
2021-05-30;22:00:00;286.51;G
2021-05-30;23:00:00;284.02;G
2021-05-31;00:00:00;281.05;G
2021-05-31;01:00:00;279.78;G
2021-05-31;02:00:00;278.24;G
2021-05-31;03:00:00;277.13;G
2021-05-31;04:00:00;275.11;G
2021-05-31;05:00:00;278.85;G
2021-05-31;06:00:00;287.35;G
2021-05-31;07:00:00;298.60;G
2021-05-31;08:00:00;311.12;G
2021-05-31;09:00:00;320.58;G
2021-05-31;10:00:00;328.15;G
2021-05-31;11:00:00;333.90;G
2021-05-31;12:00:00;339.59;G
2021-05-31;13:00:00;349.17;G
2021-05-31;14:00:00;356.93;G
2021-05-31;15:00:00;364.49;G
2021-05-31;16:00:00;364.85;G
2021-05-31;17:00:00;356.09;G
2021-05-31;18:00:00;342.32;G
2021-05-31;19:00:00;353.28;G
2021-05-31;20:00:00;358.61;G
2021-05-31;21:00:00;361.07;G
2021-05-31;22:00:00;356.45;G
2021-05-31;23:00:00;346.50;G
2021-06-01;00:00:00;334.49;G
2021-06-01;01:00:00;336.35;G
2021-06-01;02:00:00;341.77;G
2021-06-01;03:00:00;304.19;G
2021-06-01;04:00:00;305.75;G
2021-06-01;05:00:00;320.30;G
2021-06-01;06:00:00;310.92;G
2021-06-01;07:00:00;307.36;G
2021-06-01;08:00:00;298.11;G
2021-06-01;09:00:00;301.56;G
2021-06-01;10:00:00;309.69;G
2021-06-01;11:00:00;327.23;G
2021-06-01;12:00:00;343.73;G
2021-06-01;13:00:00;337.92;G
2021-06-01;14:00:00;343.90;G
2021-06-01;15:00:00;352.50;G
2021-06-01;16:00:00;355.15;G
2021-06-01;17:00:00;334.05;G
2021-06-01;18:00:00;352.93;G
2021-06-01;19:00:00;346.66;G
2021-06-01;20:00:00;326.73;G
2021-06-01;21:00:00;341.31;G
2021-06-01;22:00:00;290.73;G
2021-06-01;23:00:00;303.30;G
2021-06-02;00:00:00;305.71;G
2021-06-02;01:00:00;301.41;G
2021-06-02;02:00:00;348.09;G
2021-06-02;03:00:00;309.47;G
2021-06-02;04:00:00;290.45;G
2021-06-02;05:00:00;328.51;G
2021-06-02;06:00:00;303.37;G
2021-06-02;07:00:00;312.59;G
2021-06-02;08:00:00;330.85;G
2021-06-02;09:00:00;322.12;G
2021-06-02;10:00:00;342.97;G
2021-06-02;11:00:00;342.71;G
2021-06-02;12:00:00;370.43;G
2021-06-02;13:00:00;363.85;G
2021-06-02;14:00:00;369.16;G
2021-06-02;15:00:00;356.39;G
2021-06-02;16:00:00;351.14;G
2021-06-02;17:00:00;322.94;G
2021-06-02;18:00:00;327.14;G
2021-06-02;19:00:00;305.00;G
2021-06-02;20:00:00;298.68;G
2021-06-02;21:00:00;291.91;G
2021-06-02;22:00:00;287.25;G
2021-06-02;23:00:00;284.71;G
2021-06-03;00:00:00;282.87;G
2021-06-03;01:00:00;279.55;Y
2021-06-03;02:00:00;279.75;Y
2021-06-03;03:00:00;279.61;Y
2021-06-03;04:00:00;280.46;Y
2021-06-03;05:00:00;283.37;Y
2021-06-03;06:00:00;288.56;Y
2021-06-03;07:00:00;294.00;Y
2021-06-03;08:00:00;300.19;Y
2021-06-03;09:00:00;304.58;Y
2021-06-03;10:00:00;307.21;Y
2021-06-03;11:00:00;315.67;Y
2021-06-03;12:00:00;327.59;Y
